topic,category,question,option,is_correct,explanation
Foundations,Financial Accounting,What is the fundamental purpose of financial accounting?,Help managers make internal operating decisions,false,Financial accounting is designed for EXTERNAL users — investors creditors regulators. The key distinction from managerial accounting is the external audience.
Foundations,Financial Accounting,What is the fundamental purpose of financial accounting?,Provide meaningful quantitative financial information to external decision makers,true,Financial accounting is designed for EXTERNAL users — investors creditors regulators. The key distinction from managerial accounting is the external audience.
Foundations,Financial Accounting,What is the fundamental purpose of financial accounting?,Minimize taxes owed by the business,false,Financial accounting is designed for EXTERNAL users — investors creditors regulators. The key distinction from managerial accounting is the external audience.
Foundations,Financial Accounting,What is the fundamental purpose of financial accounting?,Track employee productivity,false,Financial accounting is designed for EXTERNAL users — investors creditors regulators. The key distinction from managerial accounting is the external audience.
Foundations,Financial Accounting,Which quality ensures information accurately depicts economic reality?,Relevance,false,Faithful representation means complete neutral and free from error — it matches economic reality. Relevance asks whether it helps decisions. Both matter but trade off against each other.
Foundations,Financial Accounting,Which quality ensures information accurately depicts economic reality?,Timeliness,false,Faithful representation means complete neutral and free from error — it matches economic reality. Relevance asks whether it helps decisions. Both matter but trade off against each other.
Foundations,Financial Accounting,Which quality ensures information accurately depicts economic reality?,Faithful Representation,true,Faithful representation means complete neutral and free from error — it matches economic reality. Relevance asks whether it helps decisions. Both matter but trade off against each other.
Foundations,Financial Accounting,Which quality ensures information accurately depicts economic reality?,Comparability,false,Faithful representation means complete neutral and free from error — it matches economic reality. Relevance asks whether it helps decisions. Both matter but trade off against each other.
Foundations,Financial Accounting,Assets are reported at historical cost rather than market value. Which quality does this prioritize?,Relevance — market value helps decisions,false,Historical cost is objectively verifiable — faithful representation. Market value is more relevant for decisions but harder to verify. This is the core tradeoff in accounting.
Foundations,Financial Accounting,Assets are reported at historical cost rather than market value. Which quality does this prioritize?,Faithful representation — historical cost is objectively verifiable,true,Historical cost is objectively verifiable — faithful representation. Market value is more relevant for decisions but harder to verify. This is the core tradeoff in accounting.
Foundations,Financial Accounting,Assets are reported at historical cost rather than market value. Which quality does this prioritize?,Comparability — everyone uses market value,false,Historical cost is objectively verifiable — faithful representation. Market value is more relevant for decisions but harder to verify. This is the core tradeoff in accounting.
Foundations,Financial Accounting,Assets are reported at historical cost rather than market value. Which quality does this prioritize?,Timeliness — historical cost is faster,false,Historical cost is objectively verifiable — faithful representation. Market value is more relevant for decisions but harder to verify. This is the core tradeoff in accounting.
Foundations,Financial Accounting,GAAP requires all companies to use the same depreciation rules. Which quality does this serve?,Timeliness,false,Comparability allows investors to consistently compare information across companies and time periods. Without consistent rules comparing two firms would be meaningless.
Foundations,Financial Accounting,GAAP requires all companies to use the same depreciation rules. Which quality does this serve?,Faithful Representation,false,Comparability allows investors to consistently compare information across companies and time periods. Without consistent rules comparing two firms would be meaningless.
Foundations,Financial Accounting,GAAP requires all companies to use the same depreciation rules. Which quality does this serve?,Relevance,false,Comparability allows investors to consistently compare information across companies and time periods. Without consistent rules comparing two firms would be meaningless.
Foundations,Financial Accounting,GAAP requires all companies to use the same depreciation rules. Which quality does this serve?,Comparability,true,Comparability allows investors to consistently compare information across companies and time periods. Without consistent rules comparing two firms would be meaningless.
Foundations,Capital Allocation,What is capital allocation?,The process of tracking employee hours,false,Capital allocation is the decision-making process where people with money choose which businesses to fund — ensuring money flows to where it generates the most value. Better accounting leads to better capital allocation.
Foundations,Capital Allocation,What is capital allocation?,The decision-making process where investors choose which businesses to fund,true,Capital allocation is the decision-making process where people with money choose which businesses to fund — ensuring money flows to where it generates the most value. Better accounting leads to better capital allocation.
Foundations,Capital Allocation,What is capital allocation?,A method of depreciating assets over time,false,Capital allocation is the decision-making process where people with money choose which businesses to fund — ensuring money flows to where it generates the most value. Better accounting leads to better capital allocation.
Foundations,Capital Allocation,What is capital allocation?,A way to calculate retained earnings,false,Capital allocation is the decision-making process where people with money choose which businesses to fund — ensuring money flows to where it generates the most value. Better accounting leads to better capital allocation.
Accrual,Accrual Accounting,Services delivered in March. Client pays in April. When is revenue recognized?,April — when cash is received,false,Accrual recognizes revenue when the performance obligation is satisfied — work done in March means March revenue. Cash timing is irrelevant. The unpaid amount sits as Accounts Receivable until April.
Accrual,Accrual Accounting,Services delivered in March. Client pays in April. When is revenue recognized?,March — when services were delivered,true,Accrual recognizes revenue when the performance obligation is satisfied — work done in March means March revenue. Cash timing is irrelevant. The unpaid amount sits as Accounts Receivable until April.
Accrual,Accrual Accounting,Services delivered in March. Client pays in April. When is revenue recognized?,Split evenly between March and April,false,Accrual recognizes revenue when the performance obligation is satisfied — work done in March means March revenue. Cash timing is irrelevant. The unpaid amount sits as Accounts Receivable until April.
Accrual,Accrual Accounting,Services delivered in March. Client pays in April. When is revenue recognized?,Only when the invoice is sent,false,Accrual recognizes revenue when the performance obligation is satisfied — work done in March means March revenue. Cash timing is irrelevant. The unpaid amount sits as Accounts Receivable until April.
Accrual,Accrual Accounting,$24000 paid in January for a 12-month insurance policy. How much expense hits the Income Statement in January?,$24000 — the full payment,false,$24000 divided by 12 equals $2000 per month. The remaining $22000 is Prepaid Insurance on the Balance Sheet — an asset. Each month $2000 converts from asset to expense as coverage is used.
Accrual,Accrual Accounting,$24000 paid in January for a 12-month insurance policy. How much expense hits the Income Statement in January?,$2000 — one month,true,$24000 divided by 12 equals $2000 per month. The remaining $22000 is Prepaid Insurance on the Balance Sheet — an asset. Each month $2000 converts from asset to expense as coverage is used.
Accrual,Accrual Accounting,$24000 paid in January for a 12-month insurance policy. How much expense hits the Income Statement in January?,$0 — it is an asset not yet used,false,$24000 divided by 12 equals $2000 per month. The remaining $22000 is Prepaid Insurance on the Balance Sheet — an asset. Each month $2000 converts from asset to expense as coverage is used.
Accrual,Accrual Accounting,$24000 paid in January for a 12-month insurance policy. How much expense hits the Income Statement in January?,$12000 — half the policy,false,$24000 divided by 12 equals $2000 per month. The remaining $22000 is Prepaid Insurance on the Balance Sheet — an asset. Each month $2000 converts from asset to expense as coverage is used.
Accrual,Accrual Accounting,Employees earn $40000 in December but are paid in January. What is recorded in December?,Nothing — record when paid in January,false,Obligation created in December so expense recognized then. Wages Expense $40k on Income Statement and Wages Payable $40k liability on Balance Sheet. The payable disappears when cash is paid in January.
Accrual,Accrual Accounting,Employees earn $40000 in December but are paid in January. What is recorded in December?,Wages Expense $40k on Income Statement plus Wages Payable $40k on Balance Sheet,true,Obligation created in December so expense recognized then. Wages Expense $40k on Income Statement and Wages Payable $40k liability on Balance Sheet. The payable disappears when cash is paid in January.
Accrual,Accrual Accounting,Employees earn $40000 in December but are paid in January. What is recorded in December?,Only the cash payment when it leaves in January,false,Obligation created in December so expense recognized then. Wages Expense $40k on Income Statement and Wages Payable $40k liability on Balance Sheet. The payable disappears when cash is paid in January.
Accrual,Accrual Accounting,Employees earn $40000 in December but are paid in January. What is recorded in December?,Wages Expense $40k with no Balance Sheet entry,false,Obligation created in December so expense recognized then. Wages Expense $40k on Income Statement and Wages Payable $40k liability on Balance Sheet. The payable disappears when cash is paid in January.
Accrual,Accrual Accounting,Client pays $18000 upfront in October for 6 months of service. How is this recorded in October?,Revenue $18000 — cash was received,false,Cash arrived but work not done yet — Deferred Revenue a LIABILITY. Each month $3000 converts from the liability to revenue as service is delivered. Collecting cash early does NOT mean revenue is earned.
Accrual,Accrual Accounting,Client pays $18000 upfront in October for 6 months of service. How is this recorded in October?,Deferred Revenue $18000 — a liability until earned,true,Cash arrived but work not done yet — Deferred Revenue a LIABILITY. Each month $3000 converts from the liability to revenue as service is delivered. Collecting cash early does NOT mean revenue is earned.
Accrual,Accrual Accounting,Client pays $18000 upfront in October for 6 months of service. How is this recorded in October?,Accounts Receivable $18000,false,Cash arrived but work not done yet — Deferred Revenue a LIABILITY. Each month $3000 converts from the liability to revenue as service is delivered. Collecting cash early does NOT mean revenue is earned.
Accrual,Accrual Accounting,Client pays $18000 upfront in October for 6 months of service. How is this recorded in October?,Retained Earnings $18000,false,Cash arrived but work not done yet — Deferred Revenue a LIABILITY. Each month $3000 converts from the liability to revenue as service is delivered. Collecting cash early does NOT mean revenue is earned.
Accrual,Matching Principle,Inventory bought in October sold in December. When is the $5000 cost recorded as an expense?,October — when purchased,false,Matching principle: expenses recognized in the same period as the revenue they generate. The $5000 becomes COGS in December when the sale occurs — not when inventory was purchased.
Accrual,Matching Principle,Inventory bought in October sold in December. When is the $5000 cost recorded as an expense?,November — halfway between,false,Matching principle: expenses recognized in the same period as the revenue they generate. The $5000 becomes COGS in December when the sale occurs — not when inventory was purchased.
Accrual,Matching Principle,Inventory bought in October sold in December. When is the $5000 cost recorded as an expense?,December — matching principle,true,Matching principle: expenses recognized in the same period as the revenue they generate. The $5000 becomes COGS in December when the sale occurs — not when inventory was purchased.
Accrual,Matching Principle,Inventory bought in October sold in December. When is the $5000 cost recorded as an expense?,January — when cash settles,false,Matching principle: expenses recognized in the same period as the revenue they generate. The $5000 becomes COGS in December when the sale occurs — not when inventory was purchased.
Income Statement,Income Statement,Revenue $80000. COGS $30000. Operating expenses $20000. What is net income?,$80000,false,Net Income = Revenue minus COGS minus Operating Expenses. $80000 minus $30000 equals $50000 gross profit. Then $50000 minus $20000 equals $30000 net income.
Income Statement,Income Statement,Revenue $80000. COGS $30000. Operating expenses $20000. What is net income?,$30000,true,Net Income = Revenue minus COGS minus Operating Expenses. $80000 minus $30000 equals $50000 gross profit. Then $50000 minus $20000 equals $30000 net income.
Income Statement,Income Statement,Revenue $80000. COGS $30000. Operating expenses $20000. What is net income?,$50000 — gross profit only,false,Net Income = Revenue minus COGS minus Operating Expenses. $80000 minus $30000 equals $50000 gross profit. Then $50000 minus $20000 equals $30000 net income.
Income Statement,Income Statement,Revenue $80000. COGS $30000. Operating expenses $20000. What is net income?,$80000 — total revenue,false,Net Income = Revenue minus COGS minus Operating Expenses. $80000 minus $30000 equals $50000 gross profit. Then $50000 minus $20000 equals $30000 net income.
Income Statement,Income Statement,Bakery sells its truck book value $15000 for $19000. How is this classified?,$19000 revenue,false,Selling a non-core asset above book value creates a GAIN of $4000 not revenue. Revenue comes from the bakery's core business — selling bread not trucks.
Income Statement,Income Statement,Bakery sells its truck book value $15000 for $19000. How is this classified?,$4000 gain on sale — above book value not core operations,true,Selling a non-core asset above book value creates a GAIN of $4000 not revenue. Revenue comes from the bakery's core business — selling bread not trucks.
Income Statement,Income Statement,Bakery sells its truck book value $15000 for $19000. How is this classified?,$4000 operating income,false,Selling a non-core asset above book value creates a GAIN of $4000 not revenue. Revenue comes from the bakery's core business — selling bread not trucks.
Income Statement,Income Statement,Bakery sells its truck book value $15000 for $19000. How is this classified?,$15000 revenue plus $4000 gain,false,Selling a non-core asset above book value creates a GAIN of $4000 not revenue. Revenue comes from the bakery's core business — selling bread not trucks.
Income Statement,Income Statement,Which of these is NOT an operating expense?,Depreciation on factory equipment,false,Dividends are NOT an expense — they never appear on the Income Statement. They reduce Retained Earnings directly. Depreciation wages and rent are all legitimate operating expenses.
Income Statement,Income Statement,Which of these is NOT an operating expense?,Wages paid to production staff,false,Dividends are NOT an expense — they never appear on the Income Statement. They reduce Retained Earnings directly. Depreciation wages and rent are all legitimate operating expenses.
Income Statement,Income Statement,Which of these is NOT an operating expense?,Dividends paid to shareholders,true,Dividends are NOT an expense — they never appear on the Income Statement. They reduce Retained Earnings directly. Depreciation wages and rent are all legitimate operating expenses.
Income Statement,Income Statement,Which of these is NOT an operating expense?,Rent on office space,false,Dividends are NOT an expense — they never appear on the Income Statement. They reduce Retained Earnings directly. Depreciation wages and rent are all legitimate operating expenses.
Income Statement,Income Statement,Depreciation reduces net income but no cash leaves. What is this called?,A deferred expense,false,Depreciation is a non-cash expense — reduces net income without any cash outflow. This is why net income does not equal cash generated. On the Cash Flow Statement depreciation is added back to reconcile to actual cash.
Income Statement,Income Statement,Depreciation reduces net income but no cash leaves. What is this called?,A non-cash expense,true,Depreciation is a non-cash expense — reduces net income without any cash outflow. This is why net income does not equal cash generated. On the Cash Flow Statement depreciation is added back to reconcile to actual cash.
Income Statement,Income Statement,Depreciation reduces net income but no cash leaves. What is this called?,An accrued liability,false,Depreciation is a non-cash expense — reduces net income without any cash outflow. This is why net income does not equal cash generated. On the Cash Flow Statement depreciation is added back to reconcile to actual cash.
Income Statement,Income Statement,Depreciation reduces net income but no cash leaves. What is this called?,An impairment,false,Depreciation is a non-cash expense — reduces net income without any cash outflow. This is why net income does not equal cash generated. On the Cash Flow Statement depreciation is added back to reconcile to actual cash.
Balance Sheet,Balance Sheet Equation,Which equation is always true on a Balance Sheet?,Assets = Revenue minus Expenses,false,The accounting equation: Assets = Liabilities + Equity. Every transaction keeps this balanced. Revenue and expenses affect equity indirectly through Retained Earnings — they do not appear directly in this equation.
Balance Sheet,Balance Sheet Equation,Which equation is always true on a Balance Sheet?,Assets = Liabilities + Equity,true,The accounting equation: Assets = Liabilities + Equity. Every transaction keeps this balanced. Revenue and expenses affect equity indirectly through Retained Earnings — they do not appear directly in this equation.
Balance Sheet,Balance Sheet Equation,Which equation is always true on a Balance Sheet?,Assets = Net Income + Dividends,false,The accounting equation: Assets = Liabilities + Equity. Every transaction keeps this balanced. Revenue and expenses affect equity indirectly through Retained Earnings — they do not appear directly in this equation.
Balance Sheet,Balance Sheet Equation,Which equation is always true on a Balance Sheet?,Assets = Cash + Receivables,false,The accounting equation: Assets = Liabilities + Equity. Every transaction keeps this balanced. Revenue and expenses affect equity indirectly through Retained Earnings — they do not appear directly in this equation.
Balance Sheet,Balance Sheet Equation,Company takes out a $200000 bank loan and receives cash. What happens?,Assets up $200k and Equity up $200k,false,Borrowing grows both sides equally: Cash up $200k and Bank Loan liability up $200k. Equity untouched — came from a creditor not owners.
Balance Sheet,Balance Sheet Equation,Company takes out a $200000 bank loan and receives cash. What happens?,Assets up $200k and Liabilities up $200k,true,Borrowing grows both sides equally: Cash up $200k and Bank Loan liability up $200k. Equity untouched — came from a creditor not owners.
Balance Sheet,Balance Sheet Equation,Company takes out a $200000 bank loan and receives cash. What happens?,No change — just a loan,false,Borrowing grows both sides equally: Cash up $200k and Bank Loan liability up $200k. Equity untouched — came from a creditor not owners.
Balance Sheet,Balance Sheet Equation,Company takes out a $200000 bank loan and receives cash. What happens?,Liabilities up $200k and Equity down $200k,false,Borrowing grows both sides equally: Cash up $200k and Bank Loan liability up $200k. Equity untouched — came from a creditor not owners.
Balance Sheet,Balance Sheet Equation,Company buys a $50000 machine with cash. What happens to total assets?,Total assets decrease by $50000,false,Buying an asset with cash is an asset swap: Cash down $50k and PP&E up $50k. Total assets stay exactly the same — one form of asset trades for another. Nothing happens to liabilities or equity.
Balance Sheet,Balance Sheet Equation,Company buys a $50000 machine with cash. What happens to total assets?,Total assets increase by $50000,false,Buying an asset with cash is an asset swap: Cash down $50k and PP&E up $50k. Total assets stay exactly the same — one form of asset trades for another. Nothing happens to liabilities or equity.
Balance Sheet,Balance Sheet Equation,Company buys a $50000 machine with cash. What happens to total assets?,Total assets stay the same — it is an asset swap,true,Buying an asset with cash is an asset swap: Cash down $50k and PP&E up $50k. Total assets stay exactly the same — one form of asset trades for another. Nothing happens to liabilities or equity.
Balance Sheet,Balance Sheet Equation,Company buys a $50000 machine with cash. What happens to total assets?,Liabilities increase by $50000,false,Buying an asset with cash is an asset swap: Cash down $50k and PP&E up $50k. Total assets stay exactly the same — one form of asset trades for another. Nothing happens to liabilities or equity.
Balance Sheet,Balance Sheet Equation,Company earns $60000 net income and pays no dividends. How does the equation change?,Assets up $60k and Liabilities up $60k,false,Net income flows from the Income Statement into Retained Earnings. Assets grow and equity grows via Retained Earnings. Both sides up $60k — balanced.
Balance Sheet,Balance Sheet Equation,Company earns $60000 net income and pays no dividends. How does the equation change?,Assets up $60k and Retained Earnings up $60k,true,Net income flows from the Income Statement into Retained Earnings. Assets grow and equity grows via Retained Earnings. Both sides up $60k — balanced.
Balance Sheet,Balance Sheet Equation,Company earns $60000 net income and pays no dividends. How does the equation change?,No Balance Sheet effect — income is only on the Income Statement,false,Net income flows from the Income Statement into Retained Earnings. Assets grow and equity grows via Retained Earnings. Both sides up $60k — balanced.
Balance Sheet,Balance Sheet Equation,Company earns $60000 net income and pays no dividends. How does the equation change?,Paid-in Capital up $60k,false,Net income flows from the Income Statement into Retained Earnings. Assets grow and equity grows via Retained Earnings. Both sides up $60k — balanced.
Balance Sheet,Balance Sheet Equation,Company records $10000 depreciation. What happens to the equation?,Cash down $10k and PP&E down $10k — asset shift,false,Depreciation reduces PP&E via accumulated depreciation and flows through the Income Statement reducing net income and Retained Earnings. No cash moves. Both sides fall $10k — balanced.
Balance Sheet,Balance Sheet Equation,Company records $10000 depreciation. What happens to the equation?,PP&E down $10k and Retained Earnings down $10k,true,Depreciation reduces PP&E via accumulated depreciation and flows through the Income Statement reducing net income and Retained Earnings. No cash moves. Both sides fall $10k — balanced.
Balance Sheet,Balance Sheet Equation,Company records $10000 depreciation. What happens to the equation?,Liabilities up $10k and PP&E down $10k,false,Depreciation reduces PP&E via accumulated depreciation and flows through the Income Statement reducing net income and Retained Earnings. No cash moves. Both sides fall $10k — balanced.
Balance Sheet,Balance Sheet Equation,Company records $10000 depreciation. What happens to the equation?,No effect — depreciation is non-cash,false,Depreciation reduces PP&E via accumulated depreciation and flows through the Income Statement reducing net income and Retained Earnings. No cash moves. Both sides fall $10k — balanced.
Balance Sheet,Balance Sheet Equation,Company issues 20000 shares at $15 each with $1 par value. What is the equity impact?,Common Stock up $300k — full amount,false,Common Stock = 20000 x $1 par = $20k. APIC = 20000 x $14 excess = $280k. Total paid-in capital = $300k. Cash up $300k and equity up $300k. Retained earnings untouched — this is investor money not earned profit.
Balance Sheet,Balance Sheet Equation,Company issues 20000 shares at $15 each with $1 par value. What is the equity impact?,Common Stock up $20k par plus APIC up $280k — total equity up $300k,true,Common Stock = 20000 x $1 par = $20k. APIC = 20000 x $14 excess = $280k. Total paid-in capital = $300k. Cash up $300k and equity up $300k. Retained earnings untouched — this is investor money not earned profit.
Balance Sheet,Balance Sheet Equation,Company issues 20000 shares at $15 each with $1 par value. What is the equity impact?,Retained Earnings up $300k,false,Common Stock = 20000 x $1 par = $20k. APIC = 20000 x $14 excess = $280k. Total paid-in capital = $300k. Cash up $300k and equity up $300k. Retained earnings untouched — this is investor money not earned profit.
Balance Sheet,Balance Sheet Equation,Company issues 20000 shares at $15 each with $1 par value. What is the equity impact?,Liabilities up $300k,false,Common Stock = 20000 x $1 par = $20k. APIC = 20000 x $14 excess = $280k. Total paid-in capital = $300k. Cash up $300k and equity up $300k. Retained earnings untouched — this is investor money not earned profit.
Balance Sheet,Balance Sheet Equation,Company pays $20000 cash dividends. What happens?,Assets down $20k and Liabilities up $20k,false,Dividends reduce both cash (asset) and Retained Earnings (equity) by the same amount. Dividends are NOT an expense — they do not appear on the Income Statement.
Balance Sheet,Balance Sheet Equation,Company pays $20000 cash dividends. What happens?,Assets down $20k and Retained Earnings down $20k,true,Dividends reduce both cash (asset) and Retained Earnings (equity) by the same amount. Dividends are NOT an expense — they do not appear on the Income Statement.
Balance Sheet,Balance Sheet Equation,Company pays $20000 cash dividends. What happens?,No effect — dividends only on Income Statement,false,Dividends reduce both cash (asset) and Retained Earnings (equity) by the same amount. Dividends are NOT an expense — they do not appear on the Income Statement.
Balance Sheet,Balance Sheet Equation,Company pays $20000 cash dividends. What happens?,Paid-in Capital down $20k and Assets down $20k,false,Dividends reduce both cash (asset) and Retained Earnings (equity) by the same amount. Dividends are NOT an expense — they do not appear on the Income Statement.
Balance Sheet,Balance Sheet Equation,Company spends $50000 to repurchase its own shares. What happens?,Assets down $50k and Liabilities up $50k,false,Buybacks reduce cash (asset) and increase Treasury Stock which is negative equity so equity shrinks. Both sides shrink by $50k — balanced. Treasury shares have no voting rights and receive no dividends.
Balance Sheet,Balance Sheet Equation,Company spends $50000 to repurchase its own shares. What happens?,No effect — company still owns the shares,false,Buybacks reduce cash (asset) and increase Treasury Stock which is negative equity so equity shrinks. Both sides shrink by $50k — balanced. Treasury shares have no voting rights and receive no dividends.
Balance Sheet,Balance Sheet Equation,Company spends $50000 to repurchase its own shares. What happens?,Assets down $50k and Treasury Stock up $50k negative equity — equity shrinks,true,Buybacks reduce cash (asset) and increase Treasury Stock which is negative equity so equity shrinks. Both sides shrink by $50k — balanced. Treasury shares have no voting rights and receive no dividends.
Balance Sheet,Balance Sheet Equation,Company spends $50000 to repurchase its own shares. What happens?,Retained Earnings up $50k and Assets down $50k,false,Buybacks reduce cash (asset) and increase Treasury Stock which is negative equity so equity shrinks. Both sides shrink by $50k — balanced. Treasury shares have no voting rights and receive no dividends.
Balance Sheet,Balance Sheet Equation,Company repays $40000 of loan principal with cash. What happens?,Assets down $40k and Equity down $40k,false,Principal repayment: Cash down $40k and Bank Loan liability down $40k. Both sides shrink equally — balanced. Interest payments are different — interest is an expense that reduces Retained Earnings.
Balance Sheet,Balance Sheet Equation,Company repays $40000 of loan principal with cash. What happens?,Assets down $40k and Liabilities down $40k,true,Principal repayment: Cash down $40k and Bank Loan liability down $40k. Both sides shrink equally — balanced. Interest payments are different — interest is an expense that reduces Retained Earnings.
Balance Sheet,Balance Sheet Equation,Company repays $40000 of loan principal with cash. What happens?,Liabilities down $40k and Equity up $40k,false,Principal repayment: Cash down $40k and Bank Loan liability down $40k. Both sides shrink equally — balanced. Interest payments are different — interest is an expense that reduces Retained Earnings.
Balance Sheet,Balance Sheet Equation,Company repays $40000 of loan principal with cash. What happens?,No effect — only on Cash Flow Statement,false,Principal repayment: Cash down $40k and Bank Loan liability down $40k. Both sides shrink equally — balanced. Interest payments are different — interest is an expense that reduces Retained Earnings.
Balance Sheet,Retained Earnings,Beginning RE $200000. Net income $60000. Dividends $15000. What is ending Retained Earnings?,$260000,false,Ending RE = Beginning RE + Net Income minus Dividends = $200000 + $60000 minus $15000 = $245000. This is the direct link between the Income Statement and Balance Sheet.
Balance Sheet,Retained Earnings,Beginning RE $200000. Net income $60000. Dividends $15000. What is ending Retained Earnings?,$245000,true,Ending RE = Beginning RE + Net Income minus Dividends = $200000 + $60000 minus $15000 = $245000. This is the direct link between the Income Statement and Balance Sheet.
Balance Sheet,Retained Earnings,Beginning RE $200000. Net income $60000. Dividends $15000. What is ending Retained Earnings?,$185000,false,Ending RE = Beginning RE + Net Income minus Dividends = $200000 + $60000 minus $15000 = $245000. This is the direct link between the Income Statement and Balance Sheet.
Balance Sheet,Retained Earnings,Beginning RE $200000. Net income $60000. Dividends $15000. What is ending Retained Earnings?,$275000,false,Ending RE = Beginning RE + Net Income minus Dividends = $200000 + $60000 minus $15000 = $245000. This is the direct link between the Income Statement and Balance Sheet.
Balance Sheet,Stockholders Equity,Assets $900000 Liabilities $400000 Paid-in Capital $300000 Treasury Stock negative $50000. What is Retained Earnings?,$300000,false,Equity = Assets minus Liabilities = $500k. Then $500k = $300k Paid-in minus $50k Treasury + RE. So RE = $500k minus $250k = $250000.
Balance Sheet,Stockholders Equity,Assets $900000 Liabilities $400000 Paid-in Capital $300000 Treasury Stock negative $50000. What is Retained Earnings?,$250000,true,Equity = Assets minus Liabilities = $500k. Then $500k = $300k Paid-in minus $50k Treasury + RE. So RE = $500k minus $250k = $250000.
Balance Sheet,Stockholders Equity,Assets $900000 Liabilities $400000 Paid-in Capital $300000 Treasury Stock negative $50000. What is Retained Earnings?,$150000,false,Equity = Assets minus Liabilities = $500k. Then $500k = $300k Paid-in minus $50k Treasury + RE. So RE = $500k minus $250k = $250000.
Balance Sheet,Stockholders Equity,Assets $900000 Liabilities $400000 Paid-in Capital $300000 Treasury Stock negative $50000. What is Retained Earnings?,$500000,false,Equity = Assets minus Liabilities = $500k. Then $500k = $300k Paid-in minus $50k Treasury + RE. So RE = $500k minus $250k = $250000.
Balance Sheet,Stockholders Equity,Company has $5M in assets and generated $3M in revenue this year. What can you conclude?,Equity must be $2M,false,Assets and revenue measure completely different things — assets are what you own at a point in time and revenue is what you earned over a period. There is no required numerical relationship between them.
Balance Sheet,Stockholders Equity,Company has $5M in assets and generated $3M in revenue this year. What can you conclude?,Nothing — assets and revenue have no required relationship,true,Assets and revenue measure completely different things — assets are what you own at a point in time and revenue is what you earned over a period. There is no required numerical relationship between them.
Balance Sheet,Stockholders Equity,Company has $5M in assets and generated $3M in revenue this year. What can you conclude?,Liabilities must exceed $3M,false,Assets and revenue measure completely different things — assets are what you own at a point in time and revenue is what you earned over a period. There is no required numerical relationship between them.
Balance Sheet,Stockholders Equity,Company has $5M in assets and generated $3M in revenue this year. What can you conclude?,Net income must be less than $3M,false,Assets and revenue measure completely different things — assets are what you own at a point in time and revenue is what you earned over a period. There is no required numerical relationship between them.
Accounting Cycle,Accounting Cycle,What is the correct order of the accounting cycle?,Record then Analyze then Summarize then Report,false,Four steps: Analyze transactions then Record journal entry then Summarize in T-accounts then Report financial statements. Every transaction flows through all four steps.
Accounting Cycle,Accounting Cycle,What is the correct order of the accounting cycle?,Analyze then Record then Summarize then Report,true,Four steps: Analyze transactions then Record journal entry then Summarize in T-accounts then Report financial statements. Every transaction flows through all four steps.
Accounting Cycle,Accounting Cycle,What is the correct order of the accounting cycle?,Summarize then Analyze then Record then Report,false,Four steps: Analyze transactions then Record journal entry then Summarize in T-accounts then Report financial statements. Every transaction flows through all four steps.
Accounting Cycle,Accounting Cycle,What is the correct order of the accounting cycle?,Report then Record then Analyze then Summarize,false,Four steps: Analyze transactions then Record journal entry then Summarize in T-accounts then Report financial statements. Every transaction flows through all four steps.
Accounting Cycle,Accounting Cycle,What is a journal entry?,A summary of all accounts at year end,false,A journal entry is the raw recording of a transaction — it captures which accounts are affected and by how much using debits and credits. Every transaction starts here before being summarized into T-accounts and then financial statements.
Accounting Cycle,Accounting Cycle,What is a journal entry?,The recording of a transaction using debits and credits,true,A journal entry is the raw recording of a transaction — it captures which accounts are affected and by how much using debits and credits. Every transaction starts here before being summarized into T-accounts and then financial statements.
Accounting Cycle,Accounting Cycle,What is a journal entry?,A list of all assets on the Balance Sheet,false,A journal entry is the raw recording of a transaction — it captures which accounts are affected and by how much using debits and credits. Every transaction starts here before being summarized into T-accounts and then financial statements.
Accounting Cycle,Accounting Cycle,What is a journal entry?,The final financial statement,false,A journal entry is the raw recording of a transaction — it captures which accounts are affected and by how much using debits and credits. Every transaction starts here before being summarized into T-accounts and then financial statements.
Accounting Cycle,Accounting Cycle,What is a T-account used for?,Calculating taxes,false,A T-account is a running record for one account such as Cash or A/R. Every journal entry that touches that account is recorded there. The balance = all debits minus all credits or vice versa depending on account type.
Accounting Cycle,Accounting Cycle,What is a T-account used for?,Accumulating the effect of all journal entries on a single account,true,A T-account is a running record for one account such as Cash or A/R. Every journal entry that touches that account is recorded there. The balance = all debits minus all credits or vice versa depending on account type.
Accounting Cycle,Accounting Cycle,What is a T-account used for?,Preparing the Cash Flow Statement,false,A T-account is a running record for one account such as Cash or A/R. Every journal entry that touches that account is recorded there. The balance = all debits minus all credits or vice versa depending on account type.
Accounting Cycle,Accounting Cycle,What is a T-account used for?,Recording only cash transactions,false,A T-account is a running record for one account such as Cash or A/R. Every journal entry that touches that account is recorded there. The balance = all debits minus all credits or vice versa depending on account type.
Debits & Credits,Debits & Credits,Under the AED rule which accounts increase with a DEBIT?,Liabilities and Revenue,false,AED: Assets and Expenses increase with Debits. Liabilities Equity and Revenue increase with Credits. Debit does not mean bad — it just means left side of the ledger.
Debits & Credits,Debits & Credits,Under the AED rule which accounts increase with a DEBIT?,Assets and Expenses,true,AED: Assets and Expenses increase with Debits. Liabilities Equity and Revenue increase with Credits. Debit does not mean bad — it just means left side of the ledger.
Debits & Credits,Debits & Credits,Under the AED rule which accounts increase with a DEBIT?,Equity and Revenue,false,AED: Assets and Expenses increase with Debits. Liabilities Equity and Revenue increase with Credits. Debit does not mean bad — it just means left side of the ledger.
Debits & Credits,Debits & Credits,Under the AED rule which accounts increase with a DEBIT?,Liabilities and Equity,false,AED: Assets and Expenses increase with Debits. Liabilities Equity and Revenue increase with Credits. Debit does not mean bad — it just means left side of the ledger.
Debits & Credits,Debits & Credits,Company receives $5000 cash for services delivered. Correct journal entry?,Debit Revenue $5000 and Credit Cash $5000,false,Cash is an asset — increases with a DEBIT. Revenue increases with a CREDIT. Debit Cash $5k and Credit Revenue $5k keeps the equation balanced.
Debits & Credits,Debits & Credits,Company receives $5000 cash for services delivered. Correct journal entry?,Debit Cash $5000 and Credit Revenue $5000,true,Cash is an asset — increases with a DEBIT. Revenue increases with a CREDIT. Debit Cash $5k and Credit Revenue $5k keeps the equation balanced.
Debits & Credits,Debits & Credits,Company receives $5000 cash for services delivered. Correct journal entry?,Debit Cash $5000 and Credit Liability $5000,false,Cash is an asset — increases with a DEBIT. Revenue increases with a CREDIT. Debit Cash $5k and Credit Revenue $5k keeps the equation balanced.
Debits & Credits,Debits & Credits,Company receives $5000 cash for services delivered. Correct journal entry?,Credit Cash $5000 and Credit Revenue $5000,false,Cash is an asset — increases with a DEBIT. Revenue increases with a CREDIT. Debit Cash $5k and Credit Revenue $5k keeps the equation balanced.
Debits & Credits,Debits & Credits,Company pays $2000 cash for rent. Correct journal entry?,Debit Cash $2000 and Credit Rent Expense $2000,false,Rent Expense increases with a DEBIT. Cash decreases with a CREDIT. Debit Rent Expense $2k and Credit Cash $2k. Expense hits the Income Statement and cash leaves the Balance Sheet.
Debits & Credits,Debits & Credits,Company pays $2000 cash for rent. Correct journal entry?,Debit Rent Expense $2000 and Credit Cash $2000,true,Rent Expense increases with a DEBIT. Cash decreases with a CREDIT. Debit Rent Expense $2k and Credit Cash $2k. Expense hits the Income Statement and cash leaves the Balance Sheet.
Debits & Credits,Debits & Credits,Company pays $2000 cash for rent. Correct journal entry?,Debit Rent Expense $2000 and Credit Revenue $2000,false,Rent Expense increases with a DEBIT. Cash decreases with a CREDIT. Debit Rent Expense $2k and Credit Cash $2k. Expense hits the Income Statement and cash leaves the Balance Sheet.
Debits & Credits,Debits & Credits,Company pays $2000 cash for rent. Correct journal entry?,Credit Rent Expense $2000 and Debit Liability $2000,false,Rent Expense increases with a DEBIT. Cash decreases with a CREDIT. Debit Rent Expense $2k and Credit Cash $2k. Expense hits the Income Statement and cash leaves the Balance Sheet.
Debits & Credits,Debits & Credits,Company borrows $10000 from a bank. What is the journal entry?,Debit Cash $10k and Credit Notes Payable $10k,true,Cash asset increases — DEBIT Cash $10k. Notes Payable liability increases — CREDIT Notes Payable $10k. Both sides of the equation grow by $10k — balanced.
Debits & Credits,Debits & Credits,Company borrows $10000 from a bank. What is the journal entry?,Debit Notes Payable $10k and Credit Cash $10k,false,Cash asset increases — DEBIT Cash $10k. Notes Payable liability increases — CREDIT Notes Payable $10k. Both sides of the equation grow by $10k — balanced.
Debits & Credits,Debits & Credits,Company borrows $10000 from a bank. What is the journal entry?,Debit Cash $10k and Credit Retained Earnings $10k,false,Cash asset increases — DEBIT Cash $10k. Notes Payable liability increases — CREDIT Notes Payable $10k. Both sides of the equation grow by $10k — balanced.
Debits & Credits,Debits & Credits,Company borrows $10000 from a bank. What is the journal entry?,Credit Cash $10k and Debit Revenue $10k,false,Cash asset increases — DEBIT Cash $10k. Notes Payable liability increases — CREDIT Notes Payable $10k. Both sides of the equation grow by $10k — balanced.
Debits & Credits,Debits & Credits,Which always holds true in double-entry accounting?,Total assets always equal total liabilities,false,In every journal entry total debits MUST equal total credits. This is the rule that keeps Assets = Liabilities + Equity always balanced. If debits do not equal credits an error was made.
Debits & Credits,Debits & Credits,Which always holds true in double-entry accounting?,Total debits always equal total credits,true,In every journal entry total debits MUST equal total credits. This is the rule that keeps Assets = Liabilities + Equity always balanced. If debits do not equal credits an error was made.
Debits & Credits,Debits & Credits,Which always holds true in double-entry accounting?,Revenue always exceeds expenses,false,In every journal entry total debits MUST equal total credits. This is the rule that keeps Assets = Liabilities + Equity always balanced. If debits do not equal credits an error was made.
Debits & Credits,Debits & Credits,Which always holds true in double-entry accounting?,Cash always equals net income,false,In every journal entry total debits MUST equal total credits. This is the rule that keeps Assets = Liabilities + Equity always balanced. If debits do not equal credits an error was made.
Inventory,FIFO vs LIFO,Under FIFO which units are assumed sold first?,The most recently purchased units,false,FIFO = First In First Out. The oldest units purchased are assumed sold first. Older cheaper costs flow to COGS while newer more expensive costs remain in ending inventory.
Inventory,FIFO vs LIFO,Under FIFO which units are assumed sold first?,The oldest first purchased units,true,FIFO = First In First Out. The oldest units purchased are assumed sold first. Older cheaper costs flow to COGS while newer more expensive costs remain in ending inventory.
Inventory,FIFO vs LIFO,Under FIFO which units are assumed sold first?,A weighted average of all units,false,FIFO = First In First Out. The oldest units purchased are assumed sold first. Older cheaper costs flow to COGS while newer more expensive costs remain in ending inventory.
Inventory,FIFO vs LIFO,Under FIFO which units are assumed sold first?,The most expensive units,false,FIFO = First In First Out. The oldest units purchased are assumed sold first. Older cheaper costs flow to COGS while newer more expensive costs remain in ending inventory.
Inventory,FIFO vs LIFO,10 units at $5 bought first then 10 units at $8. 10 units sold. COGS under FIFO?,$80 — newest cost,false,FIFO sells oldest first: 10 x $5 = $50 COGS. The $8 units stay in ending inventory. In rising prices FIFO gives lower COGS and higher net income than LIFO.
Inventory,FIFO vs LIFO,10 units at $5 bought first then 10 units at $8. 10 units sold. COGS under FIFO?,$50 — oldest cost,true,FIFO sells oldest first: 10 x $5 = $50 COGS. The $8 units stay in ending inventory. In rising prices FIFO gives lower COGS and higher net income than LIFO.
Inventory,FIFO vs LIFO,10 units at $5 bought first then 10 units at $8. 10 units sold. COGS under FIFO?,$65 — average,false,FIFO sells oldest first: 10 x $5 = $50 COGS. The $8 units stay in ending inventory. In rising prices FIFO gives lower COGS and higher net income than LIFO.
Inventory,FIFO vs LIFO,10 units at $5 bought first then 10 units at $8. 10 units sold. COGS under FIFO?,$130 — all units,false,FIFO sells oldest first: 10 x $5 = $50 COGS. The $8 units stay in ending inventory. In rising prices FIFO gives lower COGS and higher net income than LIFO.
Inventory,FIFO vs LIFO,Same inventory. COGS under LIFO?,$50 — oldest cost,false,LIFO = Last In First Out. Newest units sold first: 10 x $8 = $80 COGS. The $5 units stay in ending inventory. In rising prices LIFO gives higher COGS and lower net income — and lower taxes.
Inventory,FIFO vs LIFO,Same inventory. COGS under LIFO?,$80 — newest cost,true,LIFO = Last In First Out. Newest units sold first: 10 x $8 = $80 COGS. The $5 units stay in ending inventory. In rising prices LIFO gives higher COGS and lower net income — and lower taxes.
Inventory,FIFO vs LIFO,Same inventory. COGS under LIFO?,$65 — average,false,LIFO = Last In First Out. Newest units sold first: 10 x $8 = $80 COGS. The $5 units stay in ending inventory. In rising prices LIFO gives higher COGS and lower net income — and lower taxes.
Inventory,FIFO vs LIFO,Same inventory. COGS under LIFO?,$130 — all units,false,LIFO = Last In First Out. Newest units sold first: 10 x $8 = $80 COGS. The $5 units stay in ending inventory. In rising prices LIFO gives higher COGS and lower net income — and lower taxes.
Inventory,FIFO vs LIFO,In a period of rising prices which statement is true?,FIFO produces higher COGS and lower net income than LIFO,false,Rising prices: LIFO sends newer pricier units to COGS giving higher COGS and lower net income. FIFO sends older cheaper units to COGS giving lower COGS and higher net income. Same inventory different reported profits.
Inventory,FIFO vs LIFO,In a period of rising prices which statement is true?,LIFO produces higher COGS and lower net income than FIFO,true,Rising prices: LIFO sends newer pricier units to COGS giving higher COGS and lower net income. FIFO sends older cheaper units to COGS giving lower COGS and higher net income. Same inventory different reported profits.
Inventory,FIFO vs LIFO,In a period of rising prices which statement is true?,Both methods always produce the same net income,false,Rising prices: LIFO sends newer pricier units to COGS giving higher COGS and lower net income. FIFO sends older cheaper units to COGS giving lower COGS and higher net income. Same inventory different reported profits.
Inventory,FIFO vs LIFO,In a period of rising prices which statement is true?,FIFO and LIFO only differ on the Cash Flow Statement,false,Rising prices: LIFO sends newer pricier units to COGS giving higher COGS and lower net income. FIFO sends older cheaper units to COGS giving lower COGS and higher net income. Same inventory different reported profits.
Inventory,FIFO vs LIFO,5 units at $10 then 5 more at $14. 6 units sold. Ending inventory under FIFO?,$40 — 4 units at $10,false,FIFO sells oldest first: 5 x $10 + 1 x $14 = COGS $64. Remaining: 4 units at $14 = ending inventory $56. Newest costs stay on Balance Sheet under FIFO.
Inventory,FIFO vs LIFO,5 units at $10 then 5 more at $14. 6 units sold. Ending inventory under FIFO?,$56 — 4 units at $14,true,FIFO sells oldest first: 5 x $10 + 1 x $14 = COGS $64. Remaining: 4 units at $14 = ending inventory $56. Newest costs stay on Balance Sheet under FIFO.
Inventory,FIFO vs LIFO,5 units at $10 then 5 more at $14. 6 units sold. Ending inventory under FIFO?,$48 — weighted average,false,FIFO sells oldest first: 5 x $10 + 1 x $14 = COGS $64. Remaining: 4 units at $14 = ending inventory $56. Newest costs stay on Balance Sheet under FIFO.
Inventory,FIFO vs LIFO,5 units at $10 then 5 more at $14. 6 units sold. Ending inventory under FIFO?,$70 — all remaining at $14,false,FIFO sells oldest first: 5 x $10 + 1 x $14 = COGS $64. Remaining: 4 units at $14 = ending inventory $56. Newest costs stay on Balance Sheet under FIFO.
Inventory,FIFO vs LIFO,What does the average cost method use to value COGS and ending inventory?,Cost of the first units purchased,false,Average cost blends all purchase costs: total cost divided by total units = weighted average cost per unit. Both COGS and ending inventory use this same per-unit cost. Falls between FIFO and LIFO in rising price environments.
Inventory,FIFO vs LIFO,What does the average cost method use to value COGS and ending inventory?,Cost of the last units purchased,false,Average cost blends all purchase costs: total cost divided by total units = weighted average cost per unit. Both COGS and ending inventory use this same per-unit cost. Falls between FIFO and LIFO in rising price environments.
Inventory,FIFO vs LIFO,What does the average cost method use to value COGS and ending inventory?,A weighted average cost per unit across all purchases,true,Average cost blends all purchase costs: total cost divided by total units = weighted average cost per unit. Both COGS and ending inventory use this same per-unit cost. Falls between FIFO and LIFO in rising price environments.
Inventory,FIFO vs LIFO,What does the average cost method use to value COGS and ending inventory?,The highest cost paid for any unit,false,Average cost blends all purchase costs: total cost divided by total units = weighted average cost per unit. Both COGS and ending inventory use this same per-unit cost. Falls between FIFO and LIFO in rising price environments.
Capitalization,Capitalize vs Expense,Machine costs $50000 plus $2000 delivery plus $3000 installation. What is the capitalized historical cost?,$50000 — purchase price only,false,Historical cost includes ALL costs to acquire AND make ready for use: $50000 + $2000 + $3000 = $55000. This full amount goes on the Balance Sheet and depreciates over the asset's life.
Capitalization,Capitalize vs Expense,Machine costs $50000 plus $2000 delivery plus $3000 installation. What is the capitalized historical cost?,$52000 — purchase plus delivery,false,Historical cost includes ALL costs to acquire AND make ready for use: $50000 + $2000 + $3000 = $55000. This full amount goes on the Balance Sheet and depreciates over the asset's life.
Capitalization,Capitalize vs Expense,Machine costs $50000 plus $2000 delivery plus $3000 installation. What is the capitalized historical cost?,$55000 — all costs to acquire and make ready for use,true,Historical cost includes ALL costs to acquire AND make ready for use: $50000 + $2000 + $3000 = $55000. This full amount goes on the Balance Sheet and depreciates over the asset's life.
Capitalization,Capitalize vs Expense,Machine costs $50000 plus $2000 delivery plus $3000 installation. What is the capitalized historical cost?,$50000 — delivery and install are expensed,false,Historical cost includes ALL costs to acquire AND make ready for use: $50000 + $2000 + $3000 = $55000. This full amount goes on the Balance Sheet and depreciates over the asset's life.
Capitalization,Capitalize vs Expense,Land costs $100000 plus $5000 clearing plus $3000 legal fees. Future property taxes are $4000 per year. What is capitalized as land cost?,$100000 — land price only,false,Capitalized land cost = purchase + clearing + legal fees = $100k + $5k + $3k = $108000. Future property taxes are NOT capitalized — they are a future period expense not a cost of acquiring the asset.
Capitalization,Capitalize vs Expense,Land costs $100000 plus $5000 clearing plus $3000 legal fees. Future property taxes are $4000 per year. What is capitalized as land cost?,$105000 — land plus clearing,false,Capitalized land cost = purchase + clearing + legal fees = $100k + $5k + $3k = $108000. Future property taxes are NOT capitalized — they are a future period expense not a cost of acquiring the asset.
Capitalization,Capitalize vs Expense,Land costs $100000 plus $5000 clearing plus $3000 legal fees. Future property taxes are $4000 per year. What is capitalized as land cost?,$108000 — land plus clearing plus legal fees,true,Capitalized land cost = purchase + clearing + legal fees = $100k + $5k + $3k = $108000. Future property taxes are NOT capitalized — they are a future period expense not a cost of acquiring the asset.
Capitalization,Capitalize vs Expense,Land costs $100000 plus $5000 clearing plus $3000 legal fees. Future property taxes are $4000 per year. What is capitalized as land cost?,$112000 — all costs including property taxes,false,Capitalized land cost = purchase + clearing + legal fees = $100k + $5k + $3k = $108000. Future property taxes are NOT capitalized — they are a future period expense not a cost of acquiring the asset.
Capitalization,Capitalize vs Expense,Key difference between capitalizing vs expensing a cost?,Capitalized costs reduce net income immediately,false,Capitalize = Balance Sheet asset depreciated slowly over useful life. Expense = Income Statement hit immediately. Total effect on net income over the full firm life is identical — only the timing differs.
Capitalization,Capitalize vs Expense,Key difference between capitalizing vs expensing a cost?,Expensed costs go on the Balance Sheet,false,Capitalize = Balance Sheet asset depreciated slowly over useful life. Expense = Income Statement hit immediately. Total effect on net income over the full firm life is identical — only the timing differs.
Capitalization,Capitalize vs Expense,Key difference between capitalizing vs expensing a cost?,Capitalized goes on Balance Sheet and depreciates over time while expensed hits Income Statement immediately,true,Capitalize = Balance Sheet asset depreciated slowly over useful life. Expense = Income Statement hit immediately. Total effect on net income over the full firm life is identical — only the timing differs.
Capitalization,Capitalize vs Expense,Key difference between capitalizing vs expensing a cost?,No difference — same total effect in year one,false,Capitalize = Balance Sheet asset depreciated slowly over useful life. Expense = Income Statement hit immediately. Total effect on net income over the full firm life is identical — only the timing differs.
Capitalization,Capitalize vs Expense,Company spends $500000 on internal R&D. How is this treated under GAAP?,Capitalized as an intangible asset — future benefit justifies it,false,Under GAAP R&D costs are expensed as incurred — they cannot be capitalized. Too uncertain to reliably measure. This is why tech firms often have far more economic value than their Balance Sheets show.
Capitalization,Capitalize vs Expense,Company spends $500000 on internal R&D. How is this treated under GAAP?,Expensed immediately — R&D cannot be capitalized under GAAP,true,Under GAAP R&D costs are expensed as incurred — they cannot be capitalized. Too uncertain to reliably measure. This is why tech firms often have far more economic value than their Balance Sheets show.
Capitalization,Capitalize vs Expense,Company spends $500000 on internal R&D. How is this treated under GAAP?,Capitalized only if the product succeeds,false,Under GAAP R&D costs are expensed as incurred — they cannot be capitalized. Too uncertain to reliably measure. This is why tech firms often have far more economic value than their Balance Sheets show.
Capitalization,Capitalize vs Expense,Company spends $500000 on internal R&D. How is this treated under GAAP?,Split 50/50 between asset and expense,false,Under GAAP R&D costs are expensed as incurred — they cannot be capitalized. Too uncertain to reliably measure. This is why tech firms often have far more economic value than their Balance Sheets show.
Depreciation,Depreciation Methods,Machine costs $50000 salvage $5000 5-year life. Annual straight-line depreciation?,$10000 per year,false,Formula: (Cost minus Salvage) divided by Useful Life = ($50000 minus $5000) divided by 5 = $9000 per year. Salvage subtracted because you only depreciate what you consume not what you recover.
Depreciation,Depreciation Methods,Machine costs $50000 salvage $5000 5-year life. Annual straight-line depreciation?,$9000 per year,true,Formula: (Cost minus Salvage) divided by Useful Life = ($50000 minus $5000) divided by 5 = $9000 per year. Salvage subtracted because you only depreciate what you consume not what you recover.
Depreciation,Depreciation Methods,Machine costs $50000 salvage $5000 5-year life. Annual straight-line depreciation?,$45000 per year,false,Formula: (Cost minus Salvage) divided by Useful Life = ($50000 minus $5000) divided by 5 = $9000 per year. Salvage subtracted because you only depreciate what you consume not what you recover.
Depreciation,Depreciation Methods,Machine costs $50000 salvage $5000 5-year life. Annual straight-line depreciation?,$50000 per year,false,Formula: (Cost minus Salvage) divided by Useful Life = ($50000 minus $5000) divided by 5 = $9000 per year. Salvage subtracted because you only depreciate what you consume not what you recover.
Depreciation,Depreciation Methods,What is salvage value?,The original purchase price of an asset,false,Salvage value is the estimated disposal amount at the END of the asset's useful life. You subtract it from cost before calculating depreciation because you only expense the portion of value you consume — not what you recover.
Depreciation,Depreciation Methods,What is salvage value?,The current market value of the asset,false,Salvage value is the estimated disposal amount at the END of the asset's useful life. You subtract it from cost before calculating depreciation because you only expense the portion of value you consume — not what you recover.
Depreciation,Depreciation Methods,What is salvage value?,The estimated disposal value at the end of the asset's useful life,true,Salvage value is the estimated disposal amount at the END of the asset's useful life. You subtract it from cost before calculating depreciation because you only expense the portion of value you consume — not what you recover.
Depreciation,Depreciation Methods,What is salvage value?,The accumulated depreciation taken so far,false,Salvage value is the estimated disposal amount at the END of the asset's useful life. You subtract it from cost before calculating depreciation because you only expense the portion of value you consume — not what you recover.
Depreciation,Depreciation Methods,Under double-declining balance when is depreciation expense highest?,Final years of the asset,false,Accelerated methods front-load depreciation — highest in early years lower later. Good for assets that lose value fast like cars and tech. Also reduces taxable income faster in early years.
Depreciation,Depreciation Methods,Under double-declining balance when is depreciation expense highest?,Same every year — evenly spread,false,Accelerated methods front-load depreciation — highest in early years lower later. Good for assets that lose value fast like cars and tech. Also reduces taxable income faster in early years.
Depreciation,Depreciation Methods,Under double-declining balance when is depreciation expense highest?,Early years of the asset's life,true,Accelerated methods front-load depreciation — highest in early years lower later. Good for assets that lose value fast like cars and tech. Also reduces taxable income faster in early years.
Depreciation,Depreciation Methods,Under double-declining balance when is depreciation expense highest?,Year of purchase only,false,Accelerated methods front-load depreciation — highest in early years lower later. Good for assets that lose value fast like cars and tech. Also reduces taxable income faster in early years.
Depreciation,Depreciation Methods,Truck costs $80000 salvage $8000 4-year life. Book value after year 2 under straight-line?,$80000,false,Annual depreciation = ($80000 minus $8000) divided by 4 = $18000 per year. After year 2: accumulated depreciation = $36000. Book value = $80000 minus $36000 = $44000.
Depreciation,Depreciation Methods,Truck costs $80000 salvage $8000 4-year life. Book value after year 2 under straight-line?,$44000,true,Annual depreciation = ($80000 minus $8000) divided by 4 = $18000 per year. After year 2: accumulated depreciation = $36000. Book value = $80000 minus $36000 = $44000.
Depreciation,Depreciation Methods,Truck costs $80000 salvage $8000 4-year life. Book value after year 2 under straight-line?,$43000,false,Annual depreciation = ($80000 minus $8000) divided by 4 = $18000 per year. After year 2: accumulated depreciation = $36000. Book value = $80000 minus $36000 = $44000.
Depreciation,Depreciation Methods,Truck costs $80000 salvage $8000 4-year life. Book value after year 2 under straight-line?,$36000,false,Annual depreciation = ($80000 minus $8000) divided by 4 = $18000 per year. After year 2: accumulated depreciation = $36000. Book value = $80000 minus $36000 = $44000.
Depreciation,Depreciation Methods,Units-of-production depreciation ties expense to what?,Equal amounts each year,false,Units-of-production bases depreciation on actual usage: (Cost minus Salvage) divided by total estimated units times units used this period. Expense rises and falls with actual use — not a fixed schedule.
Depreciation,Depreciation Methods,Units-of-production depreciation ties expense to what?,Actual usage of the asset that period,true,Units-of-production bases depreciation on actual usage: (Cost minus Salvage) divided by total estimated units times units used this period. Expense rises and falls with actual use — not a fixed schedule.
Depreciation,Depreciation Methods,Units-of-production depreciation ties expense to what?,A declining balance percentage,false,Units-of-production bases depreciation on actual usage: (Cost minus Salvage) divided by total estimated units times units used this period. Expense rises and falls with actual use — not a fixed schedule.
Depreciation,Depreciation Methods,Units-of-production depreciation ties expense to what?,The market value of the asset,false,Units-of-production bases depreciation on actual usage: (Cost minus Salvage) divided by total estimated units times units used this period. Expense rises and falls with actual use — not a fixed schedule.
Investments,Investments,Company A owns 60% of Company B. Which method applies?,Fair Value Method,false,Greater than 50% = control so Consolidation is required. The parent combines Company B's full financial statements into its own as if they were one entity.
Investments,Investments,Company A owns 60% of Company B. Which method applies?,Equity Method,false,Greater than 50% = control so Consolidation is required. The parent combines Company B's full financial statements into its own as if they were one entity.
Investments,Investments,Company A owns 60% of Company B. Which method applies?,Consolidation — control,true,Greater than 50% = control so Consolidation is required. The parent combines Company B's full financial statements into its own as if they were one entity.
Investments,Investments,Company A owns 60% of Company B. Which method applies?,Held-to-Maturity,false,Greater than 50% = control so Consolidation is required. The parent combines Company B's full financial statements into its own as if they were one entity.
Investments,Investments,Company A owns 30% of Company B. Which method applies?,Consolidation,false,20 to 50% = significant influence but not control — Equity Method. Company A records its proportional share of Company B net income as its own income.
Investments,Investments,Company A owns 30% of Company B. Which method applies?,Equity Method — significant influence 20 to 50%,true,20 to 50% = significant influence but not control — Equity Method. Company A records its proportional share of Company B net income as its own income.
Investments,Investments,Company A owns 30% of Company B. Which method applies?,Fair Value Method,false,20 to 50% = significant influence but not control — Equity Method. Company A records its proportional share of Company B net income as its own income.
Investments,Investments,Company A owns 30% of Company B. Which method applies?,Held-to-Maturity,false,20 to 50% = significant influence but not control — Equity Method. Company A records its proportional share of Company B net income as its own income.
Investments,Investments,Company A owns 5% of Company B with no intent to influence management. Which method?,Consolidation,false,Less than 20% with no significant influence = Fair Value Method. Investment marked to market each period. No share of investee income is recorded.
Investments,Investments,Company A owns 5% of Company B with no intent to influence management. Which method?,Equity Method,false,Less than 20% with no significant influence = Fair Value Method. Investment marked to market each period. No share of investee income is recorded.
Investments,Investments,Company A owns 5% of Company B with no intent to influence management. Which method?,Fair Value Method — no significant influence,true,Less than 20% with no significant influence = Fair Value Method. Investment marked to market each period. No share of investee income is recorded.
Investments,Investments,Company A owns 5% of Company B with no intent to influence management. Which method?,Held-to-Maturity,false,Less than 20% with no significant influence = Fair Value Method. Investment marked to market each period. No share of investee income is recorded.
Investments,Investments,Company buys bonds intending to hold until they mature in 10 years. How are these classified?,Trading securities,false,Intent to hold until maturity = Held-to-Maturity. Recorded at amortized cost — not marked to market. If planning to sell early for a gain they are Trading. Everything else is Available-for-Sale.
Investments,Investments,Company buys bonds intending to hold until they mature in 10 years. How are these classified?,Available-for-Sale,false,Intent to hold until maturity = Held-to-Maturity. Recorded at amortized cost — not marked to market. If planning to sell early for a gain they are Trading. Everything else is Available-for-Sale.
Investments,Investments,Company buys bonds intending to hold until they mature in 10 years. How are these classified?,Held-to-Maturity,true,Intent to hold until maturity = Held-to-Maturity. Recorded at amortized cost — not marked to market. If planning to sell early for a gain they are Trading. Everything else is Available-for-Sale.
Investments,Investments,Company buys bonds intending to hold until they mature in 10 years. How are these classified?,Equity Method investment,false,Intent to hold until maturity = Held-to-Maturity. Recorded at amortized cost — not marked to market. If planning to sell early for a gain they are Trading. Everything else is Available-for-Sale.
Bonds,Bonds & Long-Term Debt,What is the stated rate on a bond?,The going market rate for similar bonds,false,The stated rate also called coupon rate determines the cash interest payments: Stated Rate x Face Value = cash paid each period. Different from the market rate which determines what investors actually pay for the bond.
Bonds,Bonds & Long-Term Debt,What is the stated rate on a bond?,The rate used to calculate actual cash interest payments to bondholders,true,The stated rate also called coupon rate determines the cash interest payments: Stated Rate x Face Value = cash paid each period. Different from the market rate which determines what investors actually pay for the bond.
Bonds,Bonds & Long-Term Debt,What is the stated rate on a bond?,The rate at which the bond is discounted,false,The stated rate also called coupon rate determines the cash interest payments: Stated Rate x Face Value = cash paid each period. Different from the market rate which determines what investors actually pay for the bond.
Bonds,Bonds & Long-Term Debt,What is the stated rate on a bond?,The effective rate after adjusting for market conditions,false,The stated rate also called coupon rate determines the cash interest payments: Stated Rate x Face Value = cash paid each period. Different from the market rate which determines what investors actually pay for the bond.
Bonds,Bonds & Long-Term Debt,Bond face $1M stated rate 10% market rate 10%. What does it sell for?,Less than $1M — discount,false,Stated rate = market rate so the bond sells exactly at par. Investors get exactly what the market requires — no premium or discount needed.
Bonds,Bonds & Long-Term Debt,Bond face $1M stated rate 10% market rate 10%. What does it sell for?,More than $1M — premium,false,Stated rate = market rate so the bond sells exactly at par. Investors get exactly what the market requires — no premium or discount needed.
Bonds,Bonds & Long-Term Debt,Bond face $1M stated rate 10% market rate 10%. What does it sell for?,Exactly $1M — at par,true,Stated rate = market rate so the bond sells exactly at par. Investors get exactly what the market requires — no premium or discount needed.
Bonds,Bonds & Long-Term Debt,Bond face $1M stated rate 10% market rate 10%. What does it sell for?,$900000 — 10% less than face,false,Stated rate = market rate so the bond sells exactly at par. Investors get exactly what the market requires — no premium or discount needed.
Bonds,Bonds & Long-Term Debt,Bond face $1M stated rate 6% market rate 10%. What price does it sell for?,$1000000 — face value,false,Stated rate 6% is less than market rate 10% so the bond sells at a DISCOUNT below face value. Investors demand a lower price to compensate for below-market coupon payments.
Bonds,Bonds & Long-Term Debt,Bond face $1M stated rate 6% market rate 10%. What price does it sell for?,More than $1M — premium,false,Stated rate 6% is less than market rate 10% so the bond sells at a DISCOUNT below face value. Investors demand a lower price to compensate for below-market coupon payments.
Bonds,Bonds & Long-Term Debt,Bond face $1M stated rate 6% market rate 10%. What price does it sell for?,Less than $1M — discount,true,Stated rate 6% is less than market rate 10% so the bond sells at a DISCOUNT below face value. Investors demand a lower price to compensate for below-market coupon payments.
Bonds,Bonds & Long-Term Debt,Bond face $1M stated rate 6% market rate 10%. What price does it sell for?,$600000 — 6% of face value,false,Stated rate 6% is less than market rate 10% so the bond sells at a DISCOUNT below face value. Investors demand a lower price to compensate for below-market coupon payments.
Bonds,Bonds & Long-Term Debt,Under the effective interest method how is interest expense calculated each period?,Stated rate x Face value of the bond,false,Interest Expense = Market Rate x Outstanding Balance. Cash paid = Stated Rate x Face Value. The difference between them adjusts the bond's carrying value each period until it reaches face value at maturity.
Bonds,Bonds & Long-Term Debt,Under the effective interest method how is interest expense calculated each period?,Market rate x Outstanding balance of the bond,true,Interest Expense = Market Rate x Outstanding Balance. Cash paid = Stated Rate x Face Value. The difference between them adjusts the bond's carrying value each period until it reaches face value at maturity.
Bonds,Bonds & Long-Term Debt,Under the effective interest method how is interest expense calculated each period?,Stated rate x Market value of the bond,false,Interest Expense = Market Rate x Outstanding Balance. Cash paid = Stated Rate x Face Value. The difference between them adjusts the bond's carrying value each period until it reaches face value at maturity.
Bonds,Bonds & Long-Term Debt,Under the effective interest method how is interest expense calculated each period?,Fixed equal amount each period,false,Interest Expense = Market Rate x Outstanding Balance. Cash paid = Stated Rate x Face Value. The difference between them adjusts the bond's carrying value each period until it reaches face value at maturity.
Bonds,Bonds & Long-Term Debt,$500000 bond at 10% stated rate paid semiannually. What is the cash interest payment each period?,$50000,false,Cash payment = Stated Rate x Face Value x period fraction = 10% x $500000 x 6/12 = $25000 per semiannual period. Stated rate determines CASH paid. Market rate determines INTEREST EXPENSE recorded.
Bonds,Bonds & Long-Term Debt,$500000 bond at 10% stated rate paid semiannually. What is the cash interest payment each period?,$25000,true,Cash payment = Stated Rate x Face Value x period fraction = 10% x $500000 x 6/12 = $25000 per semiannual period. Stated rate determines CASH paid. Market rate determines INTEREST EXPENSE recorded.
Bonds,Bonds & Long-Term Debt,$500000 bond at 10% stated rate paid semiannually. What is the cash interest payment each period?,$10000,false,Cash payment = Stated Rate x Face Value x period fraction = 10% x $500000 x 6/12 = $25000 per semiannual period. Stated rate determines CASH paid. Market rate determines INTEREST EXPENSE recorded.
Bonds,Bonds & Long-Term Debt,$500000 bond at 10% stated rate paid semiannually. What is the cash interest payment each period?,$500000,false,Cash payment = Stated Rate x Face Value x period fraction = 10% x $500000 x 6/12 = $25000 per semiannual period. Stated rate determines CASH paid. Market rate determines INTEREST EXPENSE recorded.
Revenue Recognition,Revenue Recognition,According to the 5-step model when is revenue recognized?,When cash is received,false,Revenue recognized when each performance obligation is satisfied — when control transfers to the customer. Cash receipt and invoicing are irrelevant to timing.
Revenue Recognition,Revenue Recognition,According to the 5-step model when is revenue recognized?,When the invoice is sent,false,Revenue recognized when each performance obligation is satisfied — when control transfers to the customer. Cash receipt and invoicing are irrelevant to timing.
Revenue Recognition,Revenue Recognition,According to the 5-step model when is revenue recognized?,When each performance obligation is satisfied,true,Revenue recognized when each performance obligation is satisfied — when control transfers to the customer. Cash receipt and invoicing are irrelevant to timing.
Revenue Recognition,Revenue Recognition,According to the 5-step model when is revenue recognized?,At the end of the fiscal year,false,Revenue recognized when each performance obligation is satisfied — when control transfers to the customer. Cash receipt and invoicing are irrelevant to timing.
Revenue Recognition,Revenue Recognition,$800 phone bundle: 60% hardware delivered day 1 and 40% software over 2 years. Revenue recognized on day 1?,$800 — full price,false,Two obligations: hardware satisfied at delivery and software over 2 years. Day 1: 60% x $800 = $480 recognized. Software: 40% x $800 = $320 recognized over 2 years at about $160 per year.
Revenue Recognition,Revenue Recognition,$800 phone bundle: 60% hardware delivered day 1 and 40% software over 2 years. Revenue recognized on day 1?,$480 — hardware portion only,true,Two obligations: hardware satisfied at delivery and software over 2 years. Day 1: 60% x $800 = $480 recognized. Software: 40% x $800 = $320 recognized over 2 years at about $160 per year.
Revenue Recognition,Revenue Recognition,$800 phone bundle: 60% hardware delivered day 1 and 40% software over 2 years. Revenue recognized on day 1?,$400 — half the price,false,Two obligations: hardware satisfied at delivery and software over 2 years. Day 1: 60% x $800 = $480 recognized. Software: 40% x $800 = $320 recognized over 2 years at about $160 per year.
Revenue Recognition,Revenue Recognition,$800 phone bundle: 60% hardware delivered day 1 and 40% software over 2 years. Revenue recognized on day 1?,$0 — wait until everything delivered,false,Two obligations: hardware satisfied at delivery and software over 2 years. Day 1: 60% x $800 = $480 recognized. Software: 40% x $800 = $320 recognized over 2 years at about $160 per year.
Revenue Recognition,Revenue Recognition,Costco receives $600 in annual membership fees on January 1. How is this recorded?,Revenue $600 — cash received,false,Cash received but service not yet provided — performance obligation not satisfied — Deferred Revenue liability $600. Each month $50 converts to revenue as store access is provided.
Revenue Recognition,Revenue Recognition,Costco receives $600 in annual membership fees on January 1. How is this recorded?,Deferred Revenue $600 — liability until earned,true,Cash received but service not yet provided — performance obligation not satisfied — Deferred Revenue liability $600. Each month $50 converts to revenue as store access is provided.
Revenue Recognition,Revenue Recognition,Costco receives $600 in annual membership fees on January 1. How is this recorded?,Retained Earnings $600,false,Cash received but service not yet provided — performance obligation not satisfied — Deferred Revenue liability $600. Each month $50 converts to revenue as store access is provided.
Revenue Recognition,Revenue Recognition,Costco receives $600 in annual membership fees on January 1. How is this recorded?,Accounts Receivable $600,false,Cash received but service not yet provided — performance obligation not satisfied — Deferred Revenue liability $600. Each month $50 converts to revenue as store access is provided.
Revenue Recognition,Revenue Recognition,Construction company is 1 year into a 6-year government road contract. Can they recognize revenue in year 1?,No — wait until the road is complete,false,Long-term contracts recognize revenue OVER TIME as work is performed — not just at completion. Each year the company satisfies a portion of its obligation and recognizes proportional revenue.
Revenue Recognition,Revenue Recognition,Construction company is 1 year into a 6-year government road contract. Can they recognize revenue in year 1?,Yes — recognized over time as performance obligation is progressively satisfied,true,Long-term contracts recognize revenue OVER TIME as work is performed — not just at completion. Each year the company satisfies a portion of its obligation and recognizes proportional revenue.
Revenue Recognition,Revenue Recognition,Construction company is 1 year into a 6-year government road contract. Can they recognize revenue in year 1?,Only if they have been paid,false,Long-term contracts recognize revenue OVER TIME as work is performed — not just at completion. Each year the company satisfies a portion of its obligation and recognizes proportional revenue.
Revenue Recognition,Revenue Recognition,Construction company is 1 year into a 6-year government road contract. Can they recognize revenue in year 1?,Only in the final year when the road is delivered,false,Long-term contracts recognize revenue OVER TIME as work is performed — not just at completion. Each year the company satisfies a portion of its obligation and recognizes proportional revenue.
Standards,GAAP & Oversight,What does an external audit opinion guarantee?,Statements are 100% accurate and error-free,false,Auditors provide REASONABLE ASSURANCE — not a guarantee. They test for material misstatements large enough to change a decision. Small errors may exist. They do not certify profitability or stock value.
Standards,GAAP & Oversight,What does an external audit opinion guarantee?,Reasonable assurance — free of material misstatements not a guarantee,true,Auditors provide REASONABLE ASSURANCE — not a guarantee. They test for material misstatements large enough to change a decision. Small errors may exist. They do not certify profitability or stock value.
Standards,GAAP & Oversight,What does an external audit opinion guarantee?,The company is profitable and well-managed,false,Auditors provide REASONABLE ASSURANCE — not a guarantee. They test for material misstatements large enough to change a decision. Small errors may exist. They do not certify profitability or stock value.
Standards,GAAP & Oversight,What does an external audit opinion guarantee?,The stock price is fairly valued,false,Auditors provide REASONABLE ASSURANCE — not a guarantee. They test for material misstatements large enough to change a decision. Small errors may exist. They do not certify profitability or stock value.
Standards,GAAP & Oversight,Which body oversees all publicly traded companies in the US?,AICPA,false,The SEC oversees all publicly traded companies — requires them to file financial statements and enforces securities law. FASB sets GAAP standards. AICPA governs auditors.
Standards,GAAP & Oversight,Which body oversees all publicly traded companies in the US?,FASB,false,The SEC oversees all publicly traded companies — requires them to file financial statements and enforces securities law. FASB sets GAAP standards. AICPA governs auditors.
Standards,GAAP & Oversight,Which body oversees all publicly traded companies in the US?,SEC — Securities and Exchange Commission,true,The SEC oversees all publicly traded companies — requires them to file financial statements and enforces securities law. FASB sets GAAP standards. AICPA governs auditors.
Standards,GAAP & Oversight,Which body oversees all publicly traded companies in the US?,The Federal Reserve,false,The SEC oversees all publicly traded companies — requires them to file financial statements and enforces securities law. FASB sets GAAP standards. AICPA governs auditors.
Standards,GAAP & Oversight,Which inventory method choice does GAAP permit?,Whether to file a Balance Sheet,false,GAAP allows choices — inventory method is a key example. Companies can use FIFO LIFO or Average Cost and get different reported profits from identical inventory. Accounting is not an exact science.
Standards,GAAP & Oversight,Which inventory method choice does GAAP permit?,FIFO LIFO or Average Cost,true,GAAP allows choices — inventory method is a key example. Companies can use FIFO LIFO or Average Cost and get different reported profits from identical inventory. Accounting is not an exact science.
Standards,GAAP & Oversight,Which inventory method choice does GAAP permit?,Whether to report revenue at all,false,GAAP allows choices — inventory method is a key example. Companies can use FIFO LIFO or Average Cost and get different reported profits from identical inventory. Accounting is not an exact science.
Standards,GAAP & Oversight,Which inventory method choice does GAAP permit?,Whether assets must equal liabilities plus equity,false,GAAP allows choices — inventory method is a key example. Companies can use FIFO LIFO or Average Cost and get different reported profits from identical inventory. Accounting is not an exact science.
Standards,GAAP & Oversight,What is MD&A?,A type of depreciation method,false,MD&A = Management Discussion and Analysis. Required section outside the formal financial statements where management explains results discusses risks and gives forward-looking commentary. Often contains context the numbers alone do not reveal.
Standards,GAAP & Oversight,What is MD&A?,Management Discussion and Analysis — management's narrative on performance and outlook,true,MD&A = Management Discussion and Analysis. Required section outside the formal financial statements where management explains results discusses risks and gives forward-looking commentary. Often contains context the numbers alone do not reveal.
Standards,GAAP & Oversight,What is MD&A?,The main depreciation account on the Balance Sheet,false,MD&A = Management Discussion and Analysis. Required section outside the formal financial statements where management explains results discusses risks and gives forward-looking commentary. Often contains context the numbers alone do not reveal.
Standards,GAAP & Oversight,What is MD&A?,A measure of dividend yield,false,MD&A = Management Discussion and Analysis. Required section outside the formal financial statements where management explains results discusses risks and gives forward-looking commentary. Often contains context the numbers alone do not reveal.
Foundations,Accounting Equation,Which equation is the foundation of double-entry accounting?,Assets + Liabilities = Owners Equity,false,The correct equation is Assets = Liabilities + Owners Equity. Both sides must always be equal — this is what makes double-entry accounting self-checking.
Foundations,Accounting Equation,Which equation is the foundation of double-entry accounting?,Assets = Liabilities + Owners Equity,true,The correct equation is Assets = Liabilities + Owners Equity. Both sides must always be equal — this is what makes double-entry accounting self-checking.
Foundations,Accounting Equation,Which equation is the foundation of double-entry accounting?,Assets = Revenue - Expenses,false,The correct equation is Assets = Liabilities + Owners Equity. Both sides must always be equal — this is what makes double-entry accounting self-checking.
Foundations,Accounting Equation,Which equation is the foundation of double-entry accounting?,Equity = Assets + Liabilities,false,The correct equation is Assets = Liabilities + Owners Equity. Both sides must always be equal — this is what makes double-entry accounting self-checking.
Foundations,Accounting Equation,Uses of funds = Sources of funds describes which relationship?,The matching principle,false,Uses of funds = Sources of funds is another way of expressing Assets = Liabilities + Equity. Assets are what the firm uses funds for; liabilities and equity are where it got those funds.
Foundations,Accounting Equation,Uses of funds = Sources of funds describes which relationship?,The accounting equation — Assets = Liabilities + Equity,true,Uses of funds = Sources of funds is another way of expressing Assets = Liabilities + Equity. Assets are what the firm uses funds for; liabilities and equity are where it got those funds.
Foundations,Accounting Equation,Uses of funds = Sources of funds describes which relationship?,The revenue recognition principle,false,Uses of funds = Sources of funds is another way of expressing Assets = Liabilities + Equity. Assets are what the firm uses funds for; liabilities and equity are where it got those funds.
Foundations,Accounting Equation,Uses of funds = Sources of funds describes which relationship?,The cash conversion cycle,false,Uses of funds = Sources of funds is another way of expressing Assets = Liabilities + Equity. Assets are what the firm uses funds for; liabilities and equity are where it got those funds.
Foundations,Accrual Accounting,Accrual-based accounting records revenues and expenses when they are...,Cash is received or paid,false,Accrual accounting records revenue when EARNED (performance obligation satisfied) and expenses when INCURRED — NOT when cash changes hands. This better matches revenues with the expenses that helped create them.
Foundations,Accrual Accounting,Accrual-based accounting records revenues and expenses when they are...,Earned and incurred — regardless of when cash changes hands,true,Accrual accounting records revenue when EARNED (performance obligation satisfied) and expenses when INCURRED — NOT when cash changes hands. This better matches revenues with the expenses that helped create them.
Foundations,Accrual Accounting,Accrual-based accounting records revenues and expenses when they are...,Budgeted and forecasted,false,Accrual accounting records revenue when EARNED (performance obligation satisfied) and expenses when INCURRED — NOT when cash changes hands. This better matches revenues with the expenses that helped create them.
Foundations,Accrual Accounting,Accrual-based accounting records revenues and expenses when they are...,Reported to the SEC,false,Accrual accounting records revenue when EARNED (performance obligation satisfied) and expenses when INCURRED — NOT when cash changes hands. This better matches revenues with the expenses that helped create them.
Foundations,Accrual Accounting,A firm received $12000 cash on October 1 for a one-year service contract. How much revenue is recognized in the current year (ending December 31)?,Zero — no revenue until fully performed,false,3 months (Oct-Dec) of the 12-month contract have been performed by year-end. Revenue recognized = $12000 x 3/12 = $3000. You recognize revenue as the performance obligation is satisfied over time.
Foundations,Accrual Accounting,A firm received $12000 cash on October 1 for a one-year service contract. How much revenue is recognized in the current year (ending December 31)?,$12000 — all cash was received this year,false,3 months (Oct-Dec) of the 12-month contract have been performed by year-end. Revenue recognized = $12000 x 3/12 = $3000. You recognize revenue as the performance obligation is satisfied over time.
Foundations,Accrual Accounting,A firm received $12000 cash on October 1 for a one-year service contract. How much revenue is recognized in the current year (ending December 31)?,$3000 — three months of service have been provided,true,3 months (Oct-Dec) of the 12-month contract have been performed by year-end. Revenue recognized = $12000 x 3/12 = $3000. You recognize revenue as the performance obligation is satisfied over time.
Foundations,Accrual Accounting,A firm received $12000 cash on October 1 for a one-year service contract. How much revenue is recognized in the current year (ending December 31)?,$6000 — half the year,false,3 months (Oct-Dec) of the 12-month contract have been performed by year-end. Revenue recognized = $12000 x 3/12 = $3000. You recognize revenue as the performance obligation is satisfied over time.
Foundations,Matching Principle,Ford sold a car two years ago with a bumper-to-bumper warranty. Today they pay $800 for a warranty repair. When was the warranty EXPENSE recorded?,Today — when the repair is made,false,The warranty expense was recorded TWO YEARS AGO when the car was sold. Ford estimated future warranty costs at point of sale and matched that expense to the revenue from selling the car. The repair today just draws down the liability already established.
Foundations,Matching Principle,Ford sold a car two years ago with a bumper-to-bumper warranty. Today they pay $800 for a warranty repair. When was the warranty EXPENSE recorded?,Last year — midpoint of warranty period,false,The warranty expense was recorded TWO YEARS AGO when the car was sold. Ford estimated future warranty costs at point of sale and matched that expense to the revenue from selling the car. The repair today just draws down the liability already established.
Foundations,Matching Principle,Ford sold a car two years ago with a bumper-to-bumper warranty. Today they pay $800 for a warranty repair. When was the warranty EXPENSE recorded?,Two years ago — when the car was sold,true,The warranty expense was recorded TWO YEARS AGO when the car was sold. Ford estimated future warranty costs at point of sale and matched that expense to the revenue from selling the car. The repair today just draws down the liability already established.
Foundations,Matching Principle,Ford sold a car two years ago with a bumper-to-bumper warranty. Today they pay $800 for a warranty repair. When was the warranty EXPENSE recorded?,It is capitalized and depreciated,false,The warranty expense was recorded TWO YEARS AGO when the car was sold. Ford estimated future warranty costs at point of sale and matched that expense to the revenue from selling the car. The repair today just draws down the liability already established.
Foundations,Matching Principle,Your employees work the last week of December but are not paid until January 4. When is the wage expense recorded?,January — when cash leaves the firm,false,December — the employees performed work IN December generating December revenue. Under accrual accounting you record the expense (and an accrued liability) in December regardless of when cash is paid out. Match expense to the period the work was done.
Foundations,Matching Principle,Your employees work the last week of December but are not paid until January 4. When is the wage expense recorded?,December — when the work was performed,true,December — the employees performed work IN December generating December revenue. Under accrual accounting you record the expense (and an accrued liability) in December regardless of when cash is paid out. Match expense to the period the work was done.
Foundations,Matching Principle,Your employees work the last week of December but are not paid until January 4. When is the wage expense recorded?,Split evenly between December and January,false,December — the employees performed work IN December generating December revenue. Under accrual accounting you record the expense (and an accrued liability) in December regardless of when cash is paid out. Match expense to the period the work was done.
Foundations,Matching Principle,Your employees work the last week of December but are not paid until January 4. When is the wage expense recorded?,When the payroll is processed in the new year,false,December — the employees performed work IN December generating December revenue. Under accrual accounting you record the expense (and an accrued liability) in December regardless of when cash is paid out. Match expense to the period the work was done.
Foundations,Matching Principle,Research and development costs are expensed immediately because...,R&D is never valuable enough to capitalize,false,R&D cannot be matched to specific future revenues — it is uncertain whether revenue will result AND when. The matching principle says: if you cannot match an expense to revenue recognize it immediately. R&D is always expensed as incurred under GAAP.
Foundations,Matching Principle,Research and development costs are expensed immediately because...,They cannot be matched to specific future revenue with enough certainty,true,R&D cannot be matched to specific future revenues — it is uncertain whether revenue will result AND when. The matching principle says: if you cannot match an expense to revenue recognize it immediately. R&D is always expensed as incurred under GAAP.
Foundations,Matching Principle,Research and development costs are expensed immediately because...,The IRS requires it for tax purposes,false,R&D cannot be matched to specific future revenues — it is uncertain whether revenue will result AND when. The matching principle says: if you cannot match an expense to revenue recognize it immediately. R&D is always expensed as incurred under GAAP.
Foundations,Matching Principle,Research and development costs are expensed immediately because...,R&D assets cannot be physically measured,false,R&D cannot be matched to specific future revenues — it is uncertain whether revenue will result AND when. The matching principle says: if you cannot match an expense to revenue recognize it immediately. R&D is always expensed as incurred under GAAP.
Balance Sheet,Format,On a balance sheet assets are listed in order of...,Dollar amount (largest first),false,Assets are listed in order of LIQUIDITY — how quickly they can be converted to cash. Cash comes first followed by A/R inventory and finally long-term assets like equipment and land.
Balance Sheet,Format,On a balance sheet assets are listed in order of...,Liquidity — most easily converted to cash first,true,Assets are listed in order of LIQUIDITY — how quickly they can be converted to cash. Cash comes first followed by A/R inventory and finally long-term assets like equipment and land.
Balance Sheet,Format,On a balance sheet assets are listed in order of...,Date acquired,false,Assets are listed in order of LIQUIDITY — how quickly they can be converted to cash. Cash comes first followed by A/R inventory and finally long-term assets like equipment and land.
Balance Sheet,Format,On a balance sheet assets are listed in order of...,Importance to operations,false,Assets are listed in order of LIQUIDITY — how quickly they can be converted to cash. Cash comes first followed by A/R inventory and finally long-term assets like equipment and land.
Balance Sheet,Format,On a balance sheet liabilities are listed in order of...,Size — largest first,false,Liabilities are listed in order of MATURITY — when they come due. Current liabilities (due within one year) are listed before long-term liabilities (due beyond one year).
Balance Sheet,Format,On a balance sheet liabilities are listed in order of...,Maturity — shortest due date first,true,Liabilities are listed in order of MATURITY — when they come due. Current liabilities (due within one year) are listed before long-term liabilities (due beyond one year).
Balance Sheet,Format,On a balance sheet liabilities are listed in order of...,Risk to the company,false,Liabilities are listed in order of MATURITY — when they come due. Current liabilities (due within one year) are listed before long-term liabilities (due beyond one year).
Balance Sheet,Format,On a balance sheet liabilities are listed in order of...,Alphabetically,false,Liabilities are listed in order of MATURITY — when they come due. Current liabilities (due within one year) are listed before long-term liabilities (due beyond one year).
Balance Sheet,Retained Earnings,Ending Retained Earnings is calculated as...,Beginning RE + Net Income,false,Ending RE = Beginning RE + Net Income - Dividends. Dividends are distributions to shareholders that reduce retained earnings. Only CASH dividends affect retained earnings — stock dividends do not.
Balance Sheet,Retained Earnings,Ending Retained Earnings is calculated as...,Net Income - Dividends,false,Ending RE = Beginning RE + Net Income - Dividends. Dividends are distributions to shareholders that reduce retained earnings. Only CASH dividends affect retained earnings — stock dividends do not.
Balance Sheet,Retained Earnings,Ending Retained Earnings is calculated as...,Beginning RE + Net Income - Dividends,true,Ending RE = Beginning RE + Net Income - Dividends. Dividends are distributions to shareholders that reduce retained earnings. Only CASH dividends affect retained earnings — stock dividends do not.
Balance Sheet,Retained Earnings,Ending Retained Earnings is calculated as...,Total Revenue - Total Expenses,false,Ending RE = Beginning RE + Net Income - Dividends. Dividends are distributions to shareholders that reduce retained earnings. Only CASH dividends affect retained earnings — stock dividends do not.
Balance Sheet,Classification,Which of the following is a CURRENT asset?,Equipment,false,Current assets convert to cash within one year. Inventory (can be sold within a year) is current. Equipment land and buildings are long-term assets because they provide service over many years.
Balance Sheet,Classification,Which of the following is a CURRENT asset?,Inventory,true,Current assets convert to cash within one year. Inventory (can be sold within a year) is current. Equipment land and buildings are long-term assets because they provide service over many years.
Balance Sheet,Classification,Which of the following is a CURRENT asset?,Land,false,Current assets convert to cash within one year. Inventory (can be sold within a year) is current. Equipment land and buildings are long-term assets because they provide service over many years.
Balance Sheet,Classification,Which of the following is a CURRENT asset?,Building,false,Current assets convert to cash within one year. Inventory (can be sold within a year) is current. Equipment land and buildings are long-term assets because they provide service over many years.
Balance Sheet,Classification,Deferred revenue (unearned revenue) appears on the balance sheet as a...,Current asset,false,Deferred revenue is a LIABILITY — the company received cash but has not yet earned it (performance obligation not yet satisfied). It represents an obligation to deliver goods or services in the future.
Balance Sheet,Classification,Deferred revenue (unearned revenue) appears on the balance sheet as a...,Liability,true,Deferred revenue is a LIABILITY — the company received cash but has not yet earned it (performance obligation not yet satisfied). It represents an obligation to deliver goods or services in the future.
Balance Sheet,Classification,Deferred revenue (unearned revenue) appears on the balance sheet as a...,Owners equity account,false,Deferred revenue is a LIABILITY — the company received cash but has not yet earned it (performance obligation not yet satisfied). It represents an obligation to deliver goods or services in the future.
Balance Sheet,Classification,Deferred revenue (unearned revenue) appears on the balance sheet as a...,Contra-revenue on the income statement,false,Deferred revenue is a LIABILITY — the company received cash but has not yet earned it (performance obligation not yet satisfied). It represents an obligation to deliver goods or services in the future.
Income Statement,Revenue Recognition,Two conditions BOTH required to recognize revenue are...,Work performed AND cash received,false,Revenue requires: (1) performance obligation SATISFIED (work done or goods delivered) AND (2) collection is PROBABLE. Cash does not have to be received — selling on account is fine if collection is probable.
Income Statement,Revenue Recognition,Two conditions BOTH required to recognize revenue are...,Performance obligation satisfied AND collection is probable,true,Revenue requires: (1) performance obligation SATISFIED (work done or goods delivered) AND (2) collection is PROBABLE. Cash does not have to be received — selling on account is fine if collection is probable.
Income Statement,Revenue Recognition,Two conditions BOTH required to recognize revenue are...,Contract signed AND invoice sent,false,Revenue requires: (1) performance obligation SATISFIED (work done or goods delivered) AND (2) collection is PROBABLE. Cash does not have to be received — selling on account is fine if collection is probable.
Income Statement,Revenue Recognition,Two conditions BOTH required to recognize revenue are...,Revenue budgeted AND approved by management,false,Revenue requires: (1) performance obligation SATISFIED (work done or goods delivered) AND (2) collection is PROBABLE. Cash does not have to be received — selling on account is fine if collection is probable.
Income Statement,Revenue Recognition,Costco receives a member's $65 annual fee on July 1. How much revenue does Costco recognize on July 1?,$65 — full payment received,false,$0 on July 1 because no time has passed yet. Performance obligation (allowing warehouse access) is satisfied as time passes. Costco recognizes approximately $5.42/month (~1/12 of $65) as each month of membership is provided.
Income Statement,Revenue Recognition,Costco receives a member's $65 annual fee on July 1. How much revenue does Costco recognize on July 1?,$0 — no time has passed yet,true,$0 on July 1 because no time has passed yet. Performance obligation (allowing warehouse access) is satisfied as time passes. Costco recognizes approximately $5.42/month (~1/12 of $65) as each month of membership is provided.
Income Statement,Revenue Recognition,Costco receives a member's $65 annual fee on July 1. How much revenue does Costco recognize on July 1?,$32.50 — half the annual fee,false,$0 on July 1 because no time has passed yet. Performance obligation (allowing warehouse access) is satisfied as time passes. Costco recognizes approximately $5.42/month (~1/12 of $65) as each month of membership is provided.
Income Statement,Revenue Recognition,Costco receives a member's $65 annual fee on July 1. How much revenue does Costco recognize on July 1?,$5.42 — one month of service,false,$0 on July 1 because no time has passed yet. Performance obligation (allowing warehouse access) is satisfied as time passes. Costco recognizes approximately $5.42/month (~1/12 of $65) as each month of membership is provided.
Income Statement,Revenue Recognition,A firm has a 6-year government road contract. After year 1 (1/6 complete) collection is probable. How much revenue is recognized?,None — contract not complete,false,Use the percentage-of-completion method. 1/6 of the work is done and collection is probable — recognize 1/6 of total contract revenue. Waiting until year 6 would misrepresent performance in earlier years.
Income Statement,Revenue Recognition,A firm has a 6-year government road contract. After year 1 (1/6 complete) collection is probable. How much revenue is recognized?,1/6 of total contract revenue,true,Use the percentage-of-completion method. 1/6 of the work is done and collection is probable — recognize 1/6 of total contract revenue. Waiting until year 6 would misrepresent performance in earlier years.
Income Statement,Revenue Recognition,A firm has a 6-year government road contract. After year 1 (1/6 complete) collection is probable. How much revenue is recognized?,Full contract revenue — contract is signed,false,Use the percentage-of-completion method. 1/6 of the work is done and collection is probable — recognize 1/6 of total contract revenue. Waiting until year 6 would misrepresent performance in earlier years.
Income Statement,Revenue Recognition,A firm has a 6-year government road contract. After year 1 (1/6 complete) collection is probable. How much revenue is recognized?,Only the amount already billed and collected,false,Use the percentage-of-completion method. 1/6 of the work is done and collection is probable — recognize 1/6 of total contract revenue. Waiting until year 6 would misrepresent performance in earlier years.
Income Statement,Components,Gross Profit is calculated as...,Net Income minus Taxes,false,Gross Profit = Revenue - Cost of Goods Sold. It represents profit before operating expenses. Operating Income then subtracts operating expenses from Gross Profit. Net Income is after ALL expenses including taxes.
Income Statement,Components,Gross Profit is calculated as...,Revenue minus Cost of Goods Sold,true,Gross Profit = Revenue - Cost of Goods Sold. It represents profit before operating expenses. Operating Income then subtracts operating expenses from Gross Profit. Net Income is after ALL expenses including taxes.
Income Statement,Components,Gross Profit is calculated as...,Revenue minus all operating expenses,false,Gross Profit = Revenue - Cost of Goods Sold. It represents profit before operating expenses. Operating Income then subtracts operating expenses from Gross Profit. Net Income is after ALL expenses including taxes.
Income Statement,Components,Gross Profit is calculated as...,Operating Income plus depreciation,false,Gross Profit = Revenue - Cost of Goods Sold. It represents profit before operating expenses. Operating Income then subtracts operating expenses from Gross Profit. Net Income is after ALL expenses including taxes.
Income Statement,Components,Which of the following is a NON-OPERATING item on an income statement?,Wage expense,false,Non-operating items relate to FINANCING or INVESTING activities — not the main business. Interest expense (on debt) and gains/losses on asset sales are non-operating. Wages utilities rent and COGS are all operating expenses.
Income Statement,Components,Which of the following is a NON-OPERATING item on an income statement?,Utilities expense,false,Non-operating items relate to FINANCING or INVESTING activities — not the main business. Interest expense (on debt) and gains/losses on asset sales are non-operating. Wages utilities rent and COGS are all operating expenses.
Income Statement,Components,Which of the following is a NON-OPERATING item on an income statement?,Interest expense on long-term debt,true,Non-operating items relate to FINANCING or INVESTING activities — not the main business. Interest expense (on debt) and gains/losses on asset sales are non-operating. Wages utilities rent and COGS are all operating expenses.
Income Statement,Components,Which of the following is a NON-OPERATING item on an income statement?,Rent expense,false,Non-operating items relate to FINANCING or INVESTING activities — not the main business. Interest expense (on debt) and gains/losses on asset sales are non-operating. Wages utilities rent and COGS are all operating expenses.
Cash Flow,Sections,Which section of the Cash Flow Statement includes the purchase of equipment?,Operating Activities,false,Purchasing equipment is an INVESTING activity — cash transactions involving the purchase and sale of long-term assets. Operating = day-to-day business. Financing = raising or repaying capital.
Cash Flow,Sections,Which section of the Cash Flow Statement includes the purchase of equipment?,Investing Activities,true,Purchasing equipment is an INVESTING activity — cash transactions involving the purchase and sale of long-term assets. Operating = day-to-day business. Financing = raising or repaying capital.
Cash Flow,Sections,Which section of the Cash Flow Statement includes the purchase of equipment?,Financing Activities,false,Purchasing equipment is an INVESTING activity — cash transactions involving the purchase and sale of long-term assets. Operating = day-to-day business. Financing = raising or repaying capital.
Cash Flow,Sections,Which section of the Cash Flow Statement includes the purchase of equipment?,It does not appear on the cash flow statement,false,Purchasing equipment is an INVESTING activity — cash transactions involving the purchase and sale of long-term assets. Operating = day-to-day business. Financing = raising or repaying capital.
Cash Flow,Sections,Paying dividends to shareholders appears in which section?,Operating Activities,false,Paying dividends is a FINANCING activity — returning cash to owners. Financing activities involve obtaining capital from or returning it to owners and creditors.
Cash Flow,Sections,Paying dividends to shareholders appears in which section?,Investing Activities,false,Paying dividends is a FINANCING activity — returning cash to owners. Financing activities involve obtaining capital from or returning it to owners and creditors.
Cash Flow,Sections,Paying dividends to shareholders appears in which section?,Financing Activities,true,Paying dividends is a FINANCING activity — returning cash to owners. Financing activities involve obtaining capital from or returning it to owners and creditors.
Cash Flow,Sections,Paying dividends to shareholders appears in which section?,It reduces Retained Earnings only — no cash flow effect,false,Paying dividends is a FINANCING activity — returning cash to owners. Financing activities involve obtaining capital from or returning it to owners and creditors.
Cash Flow,Indirect Method,In the indirect method of the cash flow statement depreciation expense is ADDED BACK to net income because...,It is a financing expense,false,Depreciation is a NON-CASH expense — no cash leaves the firm when depreciation is recorded. In the indirect method we start with net income (which already had depreciation deducted) and add it back to get to actual cash from operations.
Cash Flow,Indirect Method,In the indirect method of the cash flow statement depreciation expense is ADDED BACK to net income because...,It is a non-cash charge that was deducted from net income,true,Depreciation is a NON-CASH expense — no cash leaves the firm when depreciation is recorded. In the indirect method we start with net income (which already had depreciation deducted) and add it back to get to actual cash from operations.
Cash Flow,Indirect Method,In the indirect method of the cash flow statement depreciation expense is ADDED BACK to net income because...,GAAP requires it to be added back,false,Depreciation is a NON-CASH expense — no cash leaves the firm when depreciation is recorded. In the indirect method we start with net income (which already had depreciation deducted) and add it back to get to actual cash from operations.
Cash Flow,Indirect Method,In the indirect method of the cash flow statement depreciation expense is ADDED BACK to net income because...,It represents a tax benefit,false,Depreciation is a NON-CASH expense — no cash leaves the firm when depreciation is recorded. In the indirect method we start with net income (which already had depreciation deducted) and add it back to get to actual cash from operations.
Classification and Measurement,Accounts Receivable,The NET balance of Accounts Receivable on the balance sheet represents...,The total amount all customers owe,false,Net A/R = Gross A/R MINUS the Allowance for Uncollectible Accounts. Net means something was subtracted. This net realizable value is the amount the firm actually EXPECTS to collect — not the gross amount owed.
Classification and Measurement,Accounts Receivable,The NET balance of Accounts Receivable on the balance sheet represents...,Gross A/R minus the Allowance for Uncollectible Accounts,true,Net A/R = Gross A/R MINUS the Allowance for Uncollectible Accounts. Net means something was subtracted. This net realizable value is the amount the firm actually EXPECTS to collect — not the gross amount owed.
Classification and Measurement,Accounts Receivable,The NET balance of Accounts Receivable on the balance sheet represents...,Only cash already received from customers,false,Net A/R = Gross A/R MINUS the Allowance for Uncollectible Accounts. Net means something was subtracted. This net realizable value is the amount the firm actually EXPECTS to collect — not the gross amount owed.
Classification and Measurement,Accounts Receivable,The NET balance of Accounts Receivable on the balance sheet represents...,A/R net of all returned goods,false,Net A/R = Gross A/R MINUS the Allowance for Uncollectible Accounts. Net means something was subtracted. This net realizable value is the amount the firm actually EXPECTS to collect — not the gross amount owed.
Classification and Measurement,Accounts Receivable,Bad Debt Expense is recorded in the same period as the SALE (not when the customer defaults) because...,The IRS requires it,false,The MATCHING PRINCIPLE — the bad debt risk is created when the sale is made so the expense must match to that same period. Recording it only when the customer defaults would misstate the period of the sale.
Classification and Measurement,Accounts Receivable,Bad Debt Expense is recorded in the same period as the SALE (not when the customer defaults) because...,The matching principle requires expenses to be matched to the revenue they relate to,true,The MATCHING PRINCIPLE — the bad debt risk is created when the sale is made so the expense must match to that same period. Recording it only when the customer defaults would misstate the period of the sale.
Classification and Measurement,Accounts Receivable,Bad Debt Expense is recorded in the same period as the SALE (not when the customer defaults) because...,The customer has not officially defaulted yet,false,The MATCHING PRINCIPLE — the bad debt risk is created when the sale is made so the expense must match to that same period. Recording it only when the customer defaults would misstate the period of the sale.
Classification and Measurement,Accounts Receivable,Bad Debt Expense is recorded in the same period as the SALE (not when the customer defaults) because...,Cash has not yet been paid out,false,The MATCHING PRINCIPLE — the bad debt risk is created when the sale is made so the expense must match to that same period. Recording it only when the customer defaults would misstate the period of the sale.
Classification and Measurement,Inventory,Under FIFO when prices are RISING which statement is true?,FIFO produces higher COGS and lower Net Income than LIFO,false,Under FIFO oldest (cheapest) units are sold first → lower COGS → higher Gross Profit → higher Net Income. LIFO sells newest (most expensive) units first → higher COGS → lower Net Income. FIFO ending inventory is higher (newest/most expensive units remain).
Classification and Measurement,Inventory,Under FIFO when prices are RISING which statement is true?,FIFO produces lower COGS and HIGHER Net Income than LIFO,true,Under FIFO oldest (cheapest) units are sold first → lower COGS → higher Gross Profit → higher Net Income. LIFO sells newest (most expensive) units first → higher COGS → lower Net Income. FIFO ending inventory is higher (newest/most expensive units remain).
Classification and Measurement,Inventory,Under FIFO when prices are RISING which statement is true?,FIFO and LIFO always produce the same Net Income,false,Under FIFO oldest (cheapest) units are sold first → lower COGS → higher Gross Profit → higher Net Income. LIFO sells newest (most expensive) units first → higher COGS → lower Net Income. FIFO ending inventory is higher (newest/most expensive units remain).
Classification and Measurement,Inventory,Under FIFO when prices are RISING which statement is true?,FIFO produces higher COGS because it sells older units first,false,Under FIFO oldest (cheapest) units are sold first → lower COGS → higher Gross Profit → higher Net Income. LIFO sells newest (most expensive) units first → higher COGS → lower Net Income. FIFO ending inventory is higher (newest/most expensive units remain).
Classification and Measurement,PPE,Which of these costs is CAPITALIZED (added to the asset) rather than expensed immediately?,Annual property taxes on a building,false,Capitalize costs necessary to ACQUIRE and make the asset READY FOR USE: purchase price legal fees clearing land construction costs and interest during construction. Future period costs like annual property taxes are expensed as incurred — they benefit current operations not the asset itself.
Classification and Measurement,PPE,Which of these costs is CAPITALIZED (added to the asset) rather than expensed immediately?,Interest on a construction loan during the building period,true,Capitalize costs necessary to ACQUIRE and make the asset READY FOR USE: purchase price legal fees clearing land construction costs and interest during construction. Future period costs like annual property taxes are expensed as incurred — they benefit current operations not the asset itself.
Classification and Measurement,PPE,Which of these costs is CAPITALIZED (added to the asset) rather than expensed immediately?,Routine annual maintenance on equipment,false,Capitalize costs necessary to ACQUIRE and make the asset READY FOR USE: purchase price legal fees clearing land construction costs and interest during construction. Future period costs like annual property taxes are expensed as incurred — they benefit current operations not the asset itself.
Classification and Measurement,PPE,Which of these costs is CAPITALIZED (added to the asset) rather than expensed immediately?,Utilities expense while constructing the building,false,Capitalize costs necessary to ACQUIRE and make the asset READY FOR USE: purchase price legal fees clearing land construction costs and interest during construction. Future period costs like annual property taxes are expensed as incurred — they benefit current operations not the asset itself.
Classification and Measurement,Depreciation,Depreciation in accounting is best described as...,The decline in market value of an asset,false,Depreciation is an ALLOCATION process — distributing the cost of an asset over its useful life to match the expense with the revenue it generates. It is NOT a valuation process. Book value rarely equals market value.
Classification and Measurement,Depreciation,Depreciation in accounting is best described as...,A systematic allocation of asset cost over its useful life,true,Depreciation is an ALLOCATION process — distributing the cost of an asset over its useful life to match the expense with the revenue it generates. It is NOT a valuation process. Book value rarely equals market value.
Classification and Measurement,Depreciation,Depreciation in accounting is best described as...,Cash set aside to replace an aging asset,false,Depreciation is an ALLOCATION process — distributing the cost of an asset over its useful life to match the expense with the revenue it generates. It is NOT a valuation process. Book value rarely equals market value.
Classification and Measurement,Depreciation,Depreciation in accounting is best described as...,A tax deduction for asset wear and tear,false,Depreciation is an ALLOCATION process — distributing the cost of an asset over its useful life to match the expense with the revenue it generates. It is NOT a valuation process. Book value rarely equals market value.
Classification and Measurement,Depreciation,Under straight-line depreciation a machine costs $50000 has a $5000 salvage value and 5-year life. Annual depreciation is...,$10000,false,Depreciable base = Cost - Salvage = $50000 - $5000 = $45000. Annual SL depreciation = $45000 / 5 = $9000. Never forget to subtract salvage value before dividing — a common exam trap.
Classification and Measurement,Depreciation,Under straight-line depreciation a machine costs $50000 has a $5000 salvage value and 5-year life. Annual depreciation is...,$9000,true,Depreciable base = Cost - Salvage = $50000 - $5000 = $45000. Annual SL depreciation = $45000 / 5 = $9000. Never forget to subtract salvage value before dividing — a common exam trap.
Classification and Measurement,Depreciation,Under straight-line depreciation a machine costs $50000 has a $5000 salvage value and 5-year life. Annual depreciation is...,$8000,false,Depreciable base = Cost - Salvage = $50000 - $5000 = $45000. Annual SL depreciation = $45000 / 5 = $9000. Never forget to subtract salvage value before dividing — a common exam trap.
Classification and Measurement,Depreciation,Under straight-line depreciation a machine costs $50000 has a $5000 salvage value and 5-year life. Annual depreciation is...,$45000,false,Depreciable base = Cost - Salvage = $50000 - $5000 = $45000. Annual SL depreciation = $45000 / 5 = $9000. Never forget to subtract salvage value before dividing — a common exam trap.
Classification and Measurement,Bonds,A bond is issued at a DISCOUNT when...,The stated interest rate equals the market rate,false,A bond sells at DISCOUNT when stated rate < market rate. Investors demand a lower price to compensate for below-market coupon payments. At discount the carrying value INCREASES each period toward face value as discount is amortized.
Classification and Measurement,Bonds,A bond is issued at a DISCOUNT when...,The stated interest rate is LESS than the market interest rate,true,A bond sells at DISCOUNT when stated rate < market rate. Investors demand a lower price to compensate for below-market coupon payments. At discount the carrying value INCREASES each period toward face value as discount is amortized.
Classification and Measurement,Bonds,A bond is issued at a DISCOUNT when...,The stated interest rate exceeds the market interest rate,false,A bond sells at DISCOUNT when stated rate < market rate. Investors demand a lower price to compensate for below-market coupon payments. At discount the carrying value INCREASES each period toward face value as discount is amortized.
Classification and Measurement,Bonds,A bond is issued at a DISCOUNT when...,The company has poor credit,false,A bond sells at DISCOUNT when stated rate < market rate. Investors demand a lower price to compensate for below-market coupon payments. At discount the carrying value INCREASES each period toward face value as discount is amortized.
Classification and Measurement,Bonds,Using the effective interest method interest expense each period equals...,Face value multiplied by the stated rate,false,Interest Expense = Outstanding balance (carrying value) multiplied by the MARKET rate. For a par bond these are equal. For a discount bond the balance grows each period so interest expense also grows each period.
Classification and Measurement,Bonds,Using the effective interest method interest expense each period equals...,Outstanding balance multiplied by the market (effective) interest rate,true,Interest Expense = Outstanding balance (carrying value) multiplied by the MARKET rate. For a par bond these are equal. For a discount bond the balance grows each period so interest expense also grows each period.
Classification and Measurement,Bonds,Using the effective interest method interest expense each period equals...,Face value multiplied by the market rate,false,Interest Expense = Outstanding balance (carrying value) multiplied by the MARKET rate. For a par bond these are equal. For a discount bond the balance grows each period so interest expense also grows each period.
Classification and Measurement,Bonds,Using the effective interest method interest expense each period equals...,A fixed equal amount each period,false,Interest Expense = Outstanding balance (carrying value) multiplied by the MARKET rate. For a par bond these are equal. For a discount bond the balance grows each period so interest expense also grows each period.
Financial Statement Analysis,Ratio Analysis,The primary reason ratios are more useful than raw financial figures is...,Ratios are easier to calculate,false,Ratios REMOVE THE SIZE EFFECT allowing comparison between firms of different sizes or the same firm over time. A $3M net income from a $10B asset company tells you something very different than $3M from a $50M asset company.
Financial Statement Analysis,Ratio Analysis,The primary reason ratios are more useful than raw financial figures is...,They remove the size effect allowing comparisons across firms and time,true,Ratios REMOVE THE SIZE EFFECT allowing comparison between firms of different sizes or the same firm over time. A $3M net income from a $10B asset company tells you something very different than $3M from a $50M asset company.
Financial Statement Analysis,Ratio Analysis,The primary reason ratios are more useful than raw financial figures is...,Ratios are required by GAAP,false,Ratios REMOVE THE SIZE EFFECT allowing comparison between firms of different sizes or the same firm over time. A $3M net income from a $10B asset company tells you something very different than $3M from a $50M asset company.
Financial Statement Analysis,Ratio Analysis,The primary reason ratios are more useful than raw financial figures is...,They are audited by external accountants,false,Ratios REMOVE THE SIZE EFFECT allowing comparison between firms of different sizes or the same firm over time. A $3M net income from a $10B asset company tells you something very different than $3M from a $50M asset company.
Financial Statement Analysis,Profitability Ratios,Return on Assets (ROA) is calculated as...,Net Income / Sales Revenue,false,ROA = Net Income / AVERAGE Total Assets. It measures how much earnings the company generates per dollar of assets. Use AVERAGE assets (beginning + end / 2) because net income covers a period while assets are a point-in-time snapshot.
Financial Statement Analysis,Profitability Ratios,Return on Assets (ROA) is calculated as...,Net Income / Average Total Assets,true,ROA = Net Income / AVERAGE Total Assets. It measures how much earnings the company generates per dollar of assets. Use AVERAGE assets (beginning + end / 2) because net income covers a period while assets are a point-in-time snapshot.
Financial Statement Analysis,Profitability Ratios,Return on Assets (ROA) is calculated as...,Sales Revenue / Average Total Assets,false,ROA = Net Income / AVERAGE Total Assets. It measures how much earnings the company generates per dollar of assets. Use AVERAGE assets (beginning + end / 2) because net income covers a period while assets are a point-in-time snapshot.
Financial Statement Analysis,Profitability Ratios,Return on Assets (ROA) is calculated as...,Operating Income / Total Assets,false,ROA = Net Income / AVERAGE Total Assets. It measures how much earnings the company generates per dollar of assets. Use AVERAGE assets (beginning + end / 2) because net income covers a period while assets are a point-in-time snapshot.
Financial Statement Analysis,Profitability Ratios,The DuPont identity shows that ROA = ...,Profit Margin x Asset Turnover,true,ROA = Profit Margin x Asset Turnover is an identity — always true. PM = NI/Sales. AT = Sales/Ave Assets. Multiplied together the Sales terms cancel leaving NI/Ave Assets = ROA. This decomposition reveals WHY a firm has a particular ROA.
Financial Statement Analysis,Profitability Ratios,The DuPont identity shows that ROA = ...,Profit Margin + Asset Turnover,false,ROA = Profit Margin x Asset Turnover is an identity — always true. PM = NI/Sales. AT = Sales/Ave Assets. Multiplied together the Sales terms cancel leaving NI/Ave Assets = ROA. This decomposition reveals WHY a firm has a particular ROA.
Financial Statement Analysis,Profitability Ratios,The DuPont identity shows that ROA = ...,Profit Margin x Equity Multiplier,false,ROA = Profit Margin x Asset Turnover is an identity — always true. PM = NI/Sales. AT = Sales/Ave Assets. Multiplied together the Sales terms cancel leaving NI/Ave Assets = ROA. This decomposition reveals WHY a firm has a particular ROA.
Financial Statement Analysis,Profitability Ratios,The DuPont identity shows that ROA = ...,Return on Equity / Equity Multiplier,false,ROA = Profit Margin x Asset Turnover is an identity — always true. PM = NI/Sales. AT = Sales/Ave Assets. Multiplied together the Sales terms cancel leaving NI/Ave Assets = ROA. This decomposition reveals WHY a firm has a particular ROA.
Financial Statement Analysis,Profitability Ratios,Walmart has a low profit margin and high asset turnover. Lamborghini has a high profit margin and low asset turnover. This relationship is called...,The leverage tradeoff,false,This is the PROFIT MARGIN vs ASSET TURNOVER TRADEOFF (DuPont). High-volume low-price companies (Walmart Costco) have low PM but high AT. High-price low-volume companies (luxury goods hotels oil) have high PM but low AT. Both can achieve similar ROA.
Financial Statement Analysis,Profitability Ratios,Walmart has a low profit margin and high asset turnover. Lamborghini has a high profit margin and low asset turnover. This relationship is called...,The profit margin vs asset turnover tradeoff — different paths to similar ROA,true,This is the PROFIT MARGIN vs ASSET TURNOVER TRADEOFF (DuPont). High-volume low-price companies (Walmart Costco) have low PM but high AT. High-price low-volume companies (luxury goods hotels oil) have high PM but low AT. Both can achieve similar ROA.
Financial Statement Analysis,Profitability Ratios,Walmart has a low profit margin and high asset turnover. Lamborghini has a high profit margin and low asset turnover. This relationship is called...,An accounting anomaly,false,This is the PROFIT MARGIN vs ASSET TURNOVER TRADEOFF (DuPont). High-volume low-price companies (Walmart Costco) have low PM but high AT. High-price low-volume companies (luxury goods hotels oil) have high PM but low AT. Both can achieve similar ROA.
Financial Statement Analysis,Profitability Ratios,Walmart has a low profit margin and high asset turnover. Lamborghini has a high profit margin and low asset turnover. This relationship is called...,GAAP requires it,false,This is the PROFIT MARGIN vs ASSET TURNOVER TRADEOFF (DuPont). High-volume low-price companies (Walmart Costco) have low PM but high AT. High-price low-volume companies (luxury goods hotels oil) have high PM but low AT. Both can achieve similar ROA.
Financial Statement Analysis,Profitability Ratios,The Equity Multiplier = Average Total Assets / Average Equity. A firm with NO debt has an equity multiplier of...,0,false,No debt means Assets = Equity (no liabilities). So Equity Multiplier = Assets/Equity = Equity/Equity = 1. The higher the equity multiplier the more leverage (debt) the firm uses. More leverage = higher potential ROE but also higher risk.
Financial Statement Analysis,Profitability Ratios,The Equity Multiplier = Average Total Assets / Average Equity. A firm with NO debt has an equity multiplier of...,1,true,No debt means Assets = Equity (no liabilities). So Equity Multiplier = Assets/Equity = Equity/Equity = 1. The higher the equity multiplier the more leverage (debt) the firm uses. More leverage = higher potential ROE but also higher risk.
Financial Statement Analysis,Profitability Ratios,The Equity Multiplier = Average Total Assets / Average Equity. A firm with NO debt has an equity multiplier of...,2,false,No debt means Assets = Equity (no liabilities). So Equity Multiplier = Assets/Equity = Equity/Equity = 1. The higher the equity multiplier the more leverage (debt) the firm uses. More leverage = higher potential ROE but also higher risk.
Financial Statement Analysis,Profitability Ratios,The Equity Multiplier = Average Total Assets / Average Equity. A firm with NO debt has an equity multiplier of...,Undefined,false,No debt means Assets = Equity (no liabilities). So Equity Multiplier = Assets/Equity = Equity/Equity = 1. The higher the equity multiplier the more leverage (debt) the firm uses. More leverage = higher potential ROE but also higher risk.
Financial Statement Analysis,Profitability Ratios,ROE = Profit Margin x Asset Turnover x Equity Multiplier. Which component reflects a firm's USE OF DEBT?,Profit Margin,false,The EQUITY MULTIPLIER (Total Assets / Equity) captures financial leverage. Higher debt = larger multiplier = higher ROE — but also higher risk. A firm can boost ROE simply by taking on more debt without improving operations at all.
Financial Statement Analysis,Profitability Ratios,ROE = Profit Margin x Asset Turnover x Equity Multiplier. Which component reflects a firm's USE OF DEBT?,Asset Turnover,false,The EQUITY MULTIPLIER (Total Assets / Equity) captures financial leverage. Higher debt = larger multiplier = higher ROE — but also higher risk. A firm can boost ROE simply by taking on more debt without improving operations at all.
Financial Statement Analysis,Profitability Ratios,ROE = Profit Margin x Asset Turnover x Equity Multiplier. Which component reflects a firm's USE OF DEBT?,Equity Multiplier,true,The EQUITY MULTIPLIER (Total Assets / Equity) captures financial leverage. Higher debt = larger multiplier = higher ROE — but also higher risk. A firm can boost ROE simply by taking on more debt without improving operations at all.
Financial Statement Analysis,Profitability Ratios,ROE = Profit Margin x Asset Turnover x Equity Multiplier. Which component reflects a firm's USE OF DEBT?,Return on Assets,false,The EQUITY MULTIPLIER (Total Assets / Equity) captures financial leverage. Higher debt = larger multiplier = higher ROE — but also higher risk. A firm can boost ROE simply by taking on more debt without improving operations at all.
Financial Statement Analysis,Liquidity Ratios,The Current Ratio is calculated as...,Total Assets / Total Liabilities,false,Current Ratio = CURRENT Assets / CURRENT Liabilities. Only current (within one year) items are included. A ratio around 1.0 is generally healthy — too high means idle current assets too low means potential cash shortfall.
Financial Statement Analysis,Liquidity Ratios,The Current Ratio is calculated as...,Current Assets / Current Liabilities,true,Current Ratio = CURRENT Assets / CURRENT Liabilities. Only current (within one year) items are included. A ratio around 1.0 is generally healthy — too high means idle current assets too low means potential cash shortfall.
Financial Statement Analysis,Liquidity Ratios,The Current Ratio is calculated as...,Cash / Current Liabilities,false,Current Ratio = CURRENT Assets / CURRENT Liabilities. Only current (within one year) items are included. A ratio around 1.0 is generally healthy — too high means idle current assets too low means potential cash shortfall.
Financial Statement Analysis,Liquidity Ratios,The Current Ratio is calculated as...,Current Assets / Total Liabilities,false,Current Ratio = CURRENT Assets / CURRENT Liabilities. Only current (within one year) items are included. A ratio around 1.0 is generally healthy — too high means idle current assets too low means potential cash shortfall.
Financial Statement Analysis,Liquidity Ratios,The Quick Ratio excludes inventory from the numerator. Why?,Inventory is a long-term asset,false,Inventory is excluded because in a distressed company inventory may be UNSELLABLE — it is the LEAST liquid current asset. (Sears example: current ratio was ~1 but quick ratio was ~0 because all current assets were unsellable inventory.) Quick Ratio = (Cash + Marketable Securities + A/R) / Current Liabilities.
Financial Statement Analysis,Liquidity Ratios,The Quick Ratio excludes inventory from the numerator. Why?,A distressed firm may not be able to sell its inventory — it is the least liquid current asset,true,Inventory is excluded because in a distressed company inventory may be UNSELLABLE — it is the LEAST liquid current asset. (Sears example: current ratio was ~1 but quick ratio was ~0 because all current assets were unsellable inventory.) Quick Ratio = (Cash + Marketable Securities + A/R) / Current Liabilities.
Financial Statement Analysis,Liquidity Ratios,The Quick Ratio excludes inventory from the numerator. Why?,GAAP requires inventory to be excluded from liquidity ratios,false,Inventory is excluded because in a distressed company inventory may be UNSELLABLE — it is the LEAST liquid current asset. (Sears example: current ratio was ~1 but quick ratio was ~0 because all current assets were unsellable inventory.) Quick Ratio = (Cash + Marketable Securities + A/R) / Current Liabilities.
Financial Statement Analysis,Liquidity Ratios,The Quick Ratio excludes inventory from the numerator. Why?,Inventory is already counted in COGS on the income statement,false,Inventory is excluded because in a distressed company inventory may be UNSELLABLE — it is the LEAST liquid current asset. (Sears example: current ratio was ~1 but quick ratio was ~0 because all current assets were unsellable inventory.) Quick Ratio = (Cash + Marketable Securities + A/R) / Current Liabilities.
Financial Statement Analysis,Efficiency Ratios,Average Days Inventory Held is calculated as...,COGS / Average Inventory,false,Days Inventory = 365 / Inventory Turnover = 365 / (COGS / Average Inventory). It tells you on average how many days it takes to sell inventory. Walmart = ~39 days which is extremely efficient. Home Depot = ~120 days. Lower is generally better.
Financial Statement Analysis,Efficiency Ratios,Average Days Inventory Held is calculated as...,365 / Inventory Turnover (where turnover = COGS / Average Inventory),true,Days Inventory = 365 / Inventory Turnover = 365 / (COGS / Average Inventory). It tells you on average how many days it takes to sell inventory. Walmart = ~39 days which is extremely efficient. Home Depot = ~120 days. Lower is generally better.
Financial Statement Analysis,Efficiency Ratios,Average Days Inventory Held is calculated as...,Sales Revenue / Average Inventory,false,Days Inventory = 365 / Inventory Turnover = 365 / (COGS / Average Inventory). It tells you on average how many days it takes to sell inventory. Walmart = ~39 days which is extremely efficient. Home Depot = ~120 days. Lower is generally better.
Financial Statement Analysis,Efficiency Ratios,Average Days Inventory Held is calculated as...,Net Income / Inventory,false,Days Inventory = 365 / Inventory Turnover = 365 / (COGS / Average Inventory). It tells you on average how many days it takes to sell inventory. Walmart = ~39 days which is extremely efficient. Home Depot = ~120 days. Lower is generally better.
Financial Statement Analysis,Efficiency Ratios,Which numerator is used in BOTH the Inventory Turnover and Payables Turnover formulas?,Sales Revenue,false,COGS is used in BOTH Inventory Turnover (COGS/Avg Inventory) AND Payables Turnover (COGS/Avg A/P). This is easy to confuse with Receivables Turnover which uses Sales Revenue on top. Remember: anything touching inventory uses COGS.
Financial Statement Analysis,Efficiency Ratios,Which numerator is used in BOTH the Inventory Turnover and Payables Turnover formulas?,Net Income,false,COGS is used in BOTH Inventory Turnover (COGS/Avg Inventory) AND Payables Turnover (COGS/Avg A/P). This is easy to confuse with Receivables Turnover which uses Sales Revenue on top. Remember: anything touching inventory uses COGS.
Financial Statement Analysis,Efficiency Ratios,Which numerator is used in BOTH the Inventory Turnover and Payables Turnover formulas?,Cost of Goods Sold,true,COGS is used in BOTH Inventory Turnover (COGS/Avg Inventory) AND Payables Turnover (COGS/Avg A/P). This is easy to confuse with Receivables Turnover which uses Sales Revenue on top. Remember: anything touching inventory uses COGS.
Financial Statement Analysis,Efficiency Ratios,Which numerator is used in BOTH the Inventory Turnover and Payables Turnover formulas?,Gross Profit,false,COGS is used in BOTH Inventory Turnover (COGS/Avg Inventory) AND Payables Turnover (COGS/Avg A/P). This is easy to confuse with Receivables Turnover which uses Sales Revenue on top. Remember: anything touching inventory uses COGS.
Financial Statement Analysis,Efficiency Ratios,Receivables Turnover uses which number in the numerator?,Cost of Goods Sold,false,Receivables Turnover = Sales Revenue / Average A/R. It uses SALES (not COGS) because receivables are created from SALES transactions. Compare to Inventory and Payables Turnover which both use COGS.
Financial Statement Analysis,Efficiency Ratios,Receivables Turnover uses which number in the numerator?,Net Income,false,Receivables Turnover = Sales Revenue / Average A/R. It uses SALES (not COGS) because receivables are created from SALES transactions. Compare to Inventory and Payables Turnover which both use COGS.
Financial Statement Analysis,Efficiency Ratios,Receivables Turnover uses which number in the numerator?,Sales Revenue,true,Receivables Turnover = Sales Revenue / Average A/R. It uses SALES (not COGS) because receivables are created from SALES transactions. Compare to Inventory and Payables Turnover which both use COGS.
Financial Statement Analysis,Efficiency Ratios,Receivables Turnover uses which number in the numerator?,Average Total Assets,false,Receivables Turnover = Sales Revenue / Average A/R. It uses SALES (not COGS) because receivables are created from SALES transactions. Compare to Inventory and Payables Turnover which both use COGS.
Financial Statement Analysis,Days in Financing,Days in Financing is calculated as...,Days in Inventory + Days in A/R + Days in Payables,false,Days in Financing = Days in Inventory + Days in A/R - Days in Payables. You SUBTRACT payables because the longer you delay paying suppliers the LESS external financing you need. Payables are free financing from suppliers.
Financial Statement Analysis,Days in Financing,Days in Financing is calculated as...,Days in Inventory + Days in A/R - Days in Payables,true,Days in Financing = Days in Inventory + Days in A/R - Days in Payables. You SUBTRACT payables because the longer you delay paying suppliers the LESS external financing you need. Payables are free financing from suppliers.
Financial Statement Analysis,Days in Financing,Days in Financing is calculated as...,Days in Inventory - Days in A/R + Days in Payables,false,Days in Financing = Days in Inventory + Days in A/R - Days in Payables. You SUBTRACT payables because the longer you delay paying suppliers the LESS external financing you need. Payables are free financing from suppliers.
Financial Statement Analysis,Days in Financing,Days in Financing is calculated as...,Days in A/R - Days in Payables only,false,Days in Financing = Days in Inventory + Days in A/R - Days in Payables. You SUBTRACT payables because the longer you delay paying suppliers the LESS external financing you need. Payables are free financing from suppliers.
Financial Statement Analysis,Days in Financing,A company has Days Inventory = 70 Days A/R = 40 Days Payables = 30. Their Days in Financing is...,110 days,false,Days in Financing = 70 + 40 - 30 = 80 days. This means the firm must finance its operations for 80 days at a cost (interest). Reducing Days Inventory or Days A/R or increasing Days Payables each reduce this financing cost.
Financial Statement Analysis,Days in Financing,A company has Days Inventory = 70 Days A/R = 40 Days Payables = 30. Their Days in Financing is...,80 days,true,Days in Financing = 70 + 40 - 30 = 80 days. This means the firm must finance its operations for 80 days at a cost (interest). Reducing Days Inventory or Days A/R or increasing Days Payables each reduce this financing cost.
Financial Statement Analysis,Days in Financing,A company has Days Inventory = 70 Days A/R = 40 Days Payables = 30. Their Days in Financing is...,40 days,false,Days in Financing = 70 + 40 - 30 = 80 days. This means the firm must finance its operations for 80 days at a cost (interest). Reducing Days Inventory or Days A/R or increasing Days Payables each reduce this financing cost.
Financial Statement Analysis,Days in Financing,A company has Days Inventory = 70 Days A/R = 40 Days Payables = 30. Their Days in Financing is...,140 days,false,Days in Financing = 70 + 40 - 30 = 80 days. This means the firm must finance its operations for 80 days at a cost (interest). Reducing Days Inventory or Days A/R or increasing Days Payables each reduce this financing cost.
Financial Statement Analysis,Days in Financing,Which of the following reduces a firm's Days in Financing?,Collecting receivables MORE slowly,false,To REDUCE Days in Financing: (1) reduce Days Inventory (sell faster) (2) reduce Days A/R (collect faster) (3) INCREASE Days Payables (pay suppliers later). Paying suppliers faster INCREASES financing cost. Collecting slower INCREASES it.
Financial Statement Analysis,Days in Financing,Which of the following reduces a firm's Days in Financing?,Paying suppliers MORE slowly (increasing Days Payables),true,To REDUCE Days in Financing: (1) reduce Days Inventory (sell faster) (2) reduce Days A/R (collect faster) (3) INCREASE Days Payables (pay suppliers later). Paying suppliers faster INCREASES financing cost. Collecting slower INCREASES it.
Financial Statement Analysis,Days in Financing,Which of the following reduces a firm's Days in Financing?,Holding inventory for longer periods,false,To REDUCE Days in Financing: (1) reduce Days Inventory (sell faster) (2) reduce Days A/R (collect faster) (3) INCREASE Days Payables (pay suppliers later). Paying suppliers faster INCREASES financing cost. Collecting slower INCREASES it.
Financial Statement Analysis,Days in Financing,Which of the following reduces a firm's Days in Financing?,Extending longer credit terms to customers,false,To REDUCE Days in Financing: (1) reduce Days Inventory (sell faster) (2) reduce Days A/R (collect faster) (3) INCREASE Days Payables (pay suppliers later). Paying suppliers faster INCREASES financing cost. Collecting slower INCREASES it.
Financial Statement Analysis,Days in Financing,Insurance companies effectively have NEGATIVE Days in Financing (days in INVESTING) because...,They have no inventory or receivables,false,Insurance companies collect premiums NOW but pay claims MUCH LATER (sometimes years). They hold and invest cash during this gap earning a return. Premiums are received before the performance obligation (paying claims) is met — inverting the normal financing cycle.
Financial Statement Analysis,Days in Financing,Insurance companies effectively have NEGATIVE Days in Financing (days in INVESTING) because...,They collect premiums long before claims are paid — investing that cash in between,true,Insurance companies collect premiums NOW but pay claims MUCH LATER (sometimes years). They hold and invest cash during this gap earning a return. Premiums are received before the performance obligation (paying claims) is met — inverting the normal financing cycle.
Financial Statement Analysis,Days in Financing,Insurance companies effectively have NEGATIVE Days in Financing (days in INVESTING) because...,Government regulations subsidize their operations,false,Insurance companies collect premiums NOW but pay claims MUCH LATER (sometimes years). They hold and invest cash during this gap earning a return. Premiums are received before the performance obligation (paying claims) is met — inverting the normal financing cycle.
Financial Statement Analysis,Days in Financing,Insurance companies effectively have NEGATIVE Days in Financing (days in INVESTING) because...,They do not have accounts payable,false,Insurance companies collect premiums NOW but pay claims MUCH LATER (sometimes years). They hold and invest cash during this gap earning a return. Premiums are received before the performance obligation (paying claims) is met — inverting the normal financing cycle.
Financial Statement Analysis,Debt to Equity,The Debt-to-Equity ratio is calculated as...,Net Income / Shareholders Equity,false,Debt-to-Equity = TOTAL Liabilities / Shareholders Equity. Both are balance sheet items so no averaging is needed. A higher ratio means more financing from creditors vs owners — higher leverage and higher financial risk.
Financial Statement Analysis,Debt to Equity,The Debt-to-Equity ratio is calculated as...,Total Liabilities / Shareholders Equity,true,Debt-to-Equity = TOTAL Liabilities / Shareholders Equity. Both are balance sheet items so no averaging is needed. A higher ratio means more financing from creditors vs owners — higher leverage and higher financial risk.
Financial Statement Analysis,Debt to Equity,The Debt-to-Equity ratio is calculated as...,Long-term Debt only / Shareholders Equity,false,Debt-to-Equity = TOTAL Liabilities / Shareholders Equity. Both are balance sheet items so no averaging is needed. A higher ratio means more financing from creditors vs owners — higher leverage and higher financial risk.
Financial Statement Analysis,Debt to Equity,The Debt-to-Equity ratio is calculated as...,Total Assets / Total Liabilities,false,Debt-to-Equity = TOTAL Liabilities / Shareholders Equity. Both are balance sheet items so no averaging is needed. A higher ratio means more financing from creditors vs owners — higher leverage and higher financial risk.
Financial Statement Analysis,Common Size Statements,A common-size income statement expresses each line item as a percentage of...,Total assets,false,Common-size income statement: each item / SALES REVENUE. Common-size balance sheet: each item / TOTAL ASSETS. This is VERTICAL analysis — within one year. It reveals what portion of revenue each expense consumes.
Financial Statement Analysis,Common Size Statements,A common-size income statement expresses each line item as a percentage of...,Sales revenue — within the same year (vertical analysis),true,Common-size income statement: each item / SALES REVENUE. Common-size balance sheet: each item / TOTAL ASSETS. This is VERTICAL analysis — within one year. It reveals what portion of revenue each expense consumes.
Financial Statement Analysis,Common Size Statements,A common-size income statement expresses each line item as a percentage of...,The same item in a prior year (trend analysis),false,Common-size income statement: each item / SALES REVENUE. Common-size balance sheet: each item / TOTAL ASSETS. This is VERTICAL analysis — within one year. It reveals what portion of revenue each expense consumes.
Financial Statement Analysis,Common Size Statements,A common-size income statement expresses each line item as a percentage of...,Net income,false,Common-size income statement: each item / SALES REVENUE. Common-size balance sheet: each item / TOTAL ASSETS. This is VERTICAL analysis — within one year. It reveals what portion of revenue each expense consumes.
Financial Statement Analysis,Trend Statements,A trend (horizontal) statement expresses each item as a percentage of...,Total assets in the same year,false,Trend (horizontal) analysis: each item / the SAME ITEM in a BASE YEAR. Shows growth/decline in specific accounts over time. A 126% means the item grew 26% from the base year. It identifies which revenues or costs are changing fastest.
Financial Statement Analysis,Trend Statements,A trend (horizontal) statement expresses each item as a percentage of...,The same item in a prior/base year (horizontal analysis),true,Trend (horizontal) analysis: each item / the SAME ITEM in a BASE YEAR. Shows growth/decline in specific accounts over time. A 126% means the item grew 26% from the base year. It identifies which revenues or costs are changing fastest.
Financial Statement Analysis,Trend Statements,A trend (horizontal) statement expresses each item as a percentage of...,Sales revenue of that year,false,Trend (horizontal) analysis: each item / the SAME ITEM in a BASE YEAR. Shows growth/decline in specific accounts over time. A 126% means the item grew 26% from the base year. It identifies which revenues or costs are changing fastest.
Financial Statement Analysis,Trend Statements,A trend (horizontal) statement expresses each item as a percentage of...,Net income of that year,false,Trend (horizontal) analysis: each item / the SAME ITEM in a BASE YEAR. Shows growth/decline in specific accounts over time. A 126% means the item grew 26% from the base year. It identifies which revenues or costs are changing fastest.
Financial Statement Analysis,GAAP Limitations,Which of the following is a limitation of ratio analysis due to GAAP?,Ratios are calculated differently by different analysts,false,A key GAAP limitation is HISTORICAL COST — assets are recorded at original purchase price not current market value. Brand equity from advertising and R&D are expensed not capitalized. This means the balance sheet understates many firms true economic value.
Financial Statement Analysis,GAAP Limitations,Which of the following is a limitation of ratio analysis due to GAAP?,Assets are recorded at historical cost — not current market value,true,A key GAAP limitation is HISTORICAL COST — assets are recorded at original purchase price not current market value. Brand equity from advertising and R&D are expensed not capitalized. This means the balance sheet understates many firms true economic value.
Financial Statement Analysis,GAAP Limitations,Which of the following is a limitation of ratio analysis due to GAAP?,Ratios must be audited before use,false,A key GAAP limitation is HISTORICAL COST — assets are recorded at original purchase price not current market value. Brand equity from advertising and R&D are expensed not capitalized. This means the balance sheet understates many firms true economic value.
Financial Statement Analysis,GAAP Limitations,Which of the following is a limitation of ratio analysis due to GAAP?,Net income is based on cash flows,false,A key GAAP limitation is HISTORICAL COST — assets are recorded at original purchase price not current market value. Brand equity from advertising and R&D are expensed not capitalized. This means the balance sheet understates many firms true economic value.
Financial Statement Analysis,Interpretation,When comparing ratios between firms you must consider...,The size of each firm,false,You must consider INDUSTRY CONTEXT. A current ratio of 0.8 is dangerous for some firms but normal for retailers with fast inventory turns. Days Inventory of 100 is great for furniture but terrible for groceries. Always benchmark against the industry.
Financial Statement Analysis,Interpretation,When comparing ratios between firms you must consider...,Industry norms — a ratio only has meaning relative to the industry,true,You must consider INDUSTRY CONTEXT. A current ratio of 0.8 is dangerous for some firms but normal for retailers with fast inventory turns. Days Inventory of 100 is great for furniture but terrible for groceries. Always benchmark against the industry.
Financial Statement Analysis,Interpretation,When comparing ratios between firms you must consider...,Whether both companies use accrual accounting,false,You must consider INDUSTRY CONTEXT. A current ratio of 0.8 is dangerous for some firms but normal for retailers with fast inventory turns. Days Inventory of 100 is great for furniture but terrible for groceries. Always benchmark against the industry.
Financial Statement Analysis,Interpretation,When comparing ratios between firms you must consider...,The fiscal year end date only,false,You must consider INDUSTRY CONTEXT. A current ratio of 0.8 is dangerous for some firms but normal for retailers with fast inventory turns. Days Inventory of 100 is great for furniture but terrible for groceries. Always benchmark against the industry.
Financial Statement Analysis,Interpretation,A NEGATIVE cash flow from Investing Activities most likely indicates...,The company is losing money,false,Negative investing cash flow usually means the company is BUYING long-term assets (growing). Positive investing cash flow means you are SELLING assets (shrinking). A growing healthy company typically shows negative investing cash flow.
Financial Statement Analysis,Interpretation,A NEGATIVE cash flow from Investing Activities most likely indicates...,The company is purchasing long-term assets (growing),true,Negative investing cash flow usually means the company is BUYING long-term assets (growing). Positive investing cash flow means you are SELLING assets (shrinking). A growing healthy company typically shows negative investing cash flow.
Financial Statement Analysis,Interpretation,A NEGATIVE cash flow from Investing Activities most likely indicates...,The company paid dividends,false,Negative investing cash flow usually means the company is BUYING long-term assets (growing). Positive investing cash flow means you are SELLING assets (shrinking). A growing healthy company typically shows negative investing cash flow.
Financial Statement Analysis,Interpretation,A NEGATIVE cash flow from Investing Activities most likely indicates...,The company has too much debt,false,Negative investing cash flow usually means the company is BUYING long-term assets (growing). Positive investing cash flow means you are SELLING assets (shrinking). A growing healthy company typically shows negative investing cash flow.
Tricky Concepts,Common Mistakes,When combining a balance sheet figure with an income statement figure in a ratio you should use...,The ending balance sheet figure only,false,Use AVERAGE balance sheet figures (beginning + ending / 2) when pairing with an income statement number. Income statement covers a PERIOD; balance sheet is a POINT IN TIME. Averaging makes the denominator consistent with the time period of the numerator.
Tricky Concepts,Common Mistakes,When combining a balance sheet figure with an income statement figure in a ratio you should use...,The AVERAGE of beginning and ending balance sheet figures,true,Use AVERAGE balance sheet figures (beginning + ending / 2) when pairing with an income statement number. Income statement covers a PERIOD; balance sheet is a POINT IN TIME. Averaging makes the denominator consistent with the time period of the numerator.
Tricky Concepts,Common Mistakes,When combining a balance sheet figure with an income statement figure in a ratio you should use...,The beginning balance sheet figure only,false,Use AVERAGE balance sheet figures (beginning + ending / 2) when pairing with an income statement number. Income statement covers a PERIOD; balance sheet is a POINT IN TIME. Averaging makes the denominator consistent with the time period of the numerator.
Tricky Concepts,Common Mistakes,When combining a balance sheet figure with an income statement figure in a ratio you should use...,The largest balance sheet figure across all periods,false,Use AVERAGE balance sheet figures (beginning + ending / 2) when pairing with an income statement number. Income statement covers a PERIOD; balance sheet is a POINT IN TIME. Averaging makes the denominator consistent with the time period of the numerator.
Tricky Concepts,Common Mistakes,Net income does NOT necessarily equal cash flow. A company can have high net income but poor cash flow when...,Revenue recognition and cash collection occur at different times,true,Accrual accounting records revenue when EARNED not when cash is received. A company with high credit sales (A/R) can have strong net income but weak cash flow if customers have not paid yet. This is why both income statement AND cash flow statement matter.
Tricky Concepts,Common Mistakes,Net income does NOT necessarily equal cash flow. A company can have high net income but poor cash flow when...,The company has too many employees,false,Accrual accounting records revenue when EARNED not when cash is received. A company with high credit sales (A/R) can have strong net income but weak cash flow if customers have not paid yet. This is why both income statement AND cash flow statement matter.
Tricky Concepts,Common Mistakes,Net income does NOT necessarily equal cash flow. A company can have high net income but poor cash flow when...,The company pays too many dividends,false,Accrual accounting records revenue when EARNED not when cash is received. A company with high credit sales (A/R) can have strong net income but weak cash flow if customers have not paid yet. This is why both income statement AND cash flow statement matter.
Tricky Concepts,Common Mistakes,Net income does NOT necessarily equal cash flow. A company can have high net income but poor cash flow when...,This situation is impossible under GAAP,false,Accrual accounting records revenue when EARNED not when cash is received. A company with high credit sales (A/R) can have strong net income but weak cash flow if customers have not paid yet. This is why both income statement AND cash flow statement matter.
Tricky Concepts,Common Mistakes,Costco's Accounts Payable ($17.5B) exceeds Merchandise Inventories ($16.7B). This means...,Costco has more debt than inventory — a serious risk,false,This is INTENTIONAL and a competitive advantage. Costco sells inventory to customers BEFORE paying suppliers. Suppliers finance Costco inventory at no interest cost. Combined with fast inventory turns this is the key to Costco low-cost operating model.
Tricky Concepts,Common Mistakes,Costco's Accounts Payable ($17.5B) exceeds Merchandise Inventories ($16.7B). This means...,Costco sells inventory before paying suppliers — suppliers finance its operations,true,This is INTENTIONAL and a competitive advantage. Costco sells inventory to customers BEFORE paying suppliers. Suppliers finance Costco inventory at no interest cost. Combined with fast inventory turns this is the key to Costco low-cost operating model.
Tricky Concepts,Common Mistakes,Costco's Accounts Payable ($17.5B) exceeds Merchandise Inventories ($16.7B). This means...,There is an accounting error in Costco financial statements,false,This is INTENTIONAL and a competitive advantage. Costco sells inventory to customers BEFORE paying suppliers. Suppliers finance Costco inventory at no interest cost. Combined with fast inventory turns this is the key to Costco low-cost operating model.
Tricky Concepts,Common Mistakes,Costco's Accounts Payable ($17.5B) exceeds Merchandise Inventories ($16.7B). This means...,Costco needs to raise additional equity capital immediately,false,This is INTENTIONAL and a competitive advantage. Costco sells inventory to customers BEFORE paying suppliers. Suppliers finance Costco inventory at no interest cost. Combined with fast inventory turns this is the key to Costco low-cost operating model.
Tricky Concepts,Common Mistakes,PPE on the balance sheet is reported NET. What was subtracted?,Accumulated Depreciation,true,PPE Net = Historical Cost MINUS Accumulated Depreciation. This is the book value or carrying value. It does NOT represent market value. A building bought 20 years ago for $10M with $8M accumulated depreciation shows as $2M — even if its market value is $25M.
Tricky Concepts,Common Mistakes,PPE on the balance sheet is reported NET. What was subtracted?,Current year depreciation only,false,PPE Net = Historical Cost MINUS Accumulated Depreciation. This is the book value or carrying value. It does NOT represent market value. A building bought 20 years ago for $10M with $8M accumulated depreciation shows as $2M — even if its market value is $25M.
Tricky Concepts,Common Mistakes,PPE on the balance sheet is reported NET. What was subtracted?,Repair and maintenance costs,false,PPE Net = Historical Cost MINUS Accumulated Depreciation. This is the book value or carrying value. It does NOT represent market value. A building bought 20 years ago for $10M with $8M accumulated depreciation shows as $2M — even if its market value is $25M.
Tricky Concepts,Common Mistakes,PPE on the balance sheet is reported NET. What was subtracted?,Market value adjustments,false,PPE Net = Historical Cost MINUS Accumulated Depreciation. This is the book value or carrying value. It does NOT represent market value. A building bought 20 years ago for $10M with $8M accumulated depreciation shows as $2M — even if its market value is $25M.
